mass enclosed (Msun),dm (g),r (Rsun),dr (cm),T (K),log T,eps_grav (ergs/g s),eps_nuc (ergs/g s),eps_neu (ergs/g s),eps_a (ergs/g s),lum_gamma (ergs/s),lum_neu (ergs/s),num_a (/s),X_c12,log X_c12,X_o16,log X_o16,X_ne20,log X_ne20,X_na23,log X_na23
1.4065382753346983e-06,2.796774581280478e+27,0.19720159327087472,13719314843.854753,905080.1956020673,5.956687062038791,0.0,2.177805241477142e-14,0.0,0.0,60908303423426.64,0.0,0.0,0.0024889953125840666,-2.6039759212784257,0.006083494621983943,-2.215846871542119,0.0012321516160785184,-2.909335849010124,1.0000000000000002e-99,-98.99999999999999
2.813076546188606e-06,2.796774581280478e+27,0.2484594625901835,3566009968.5443134,905071.0391691839,5.956682668385709,0.0,2.177509323073695e-14,0.0,0.0,121808330676164.34,0.0,0.0,0.0024889953125840666,-2.6039759212784257,0.006083494621983942,-2.215846871542119,0.0012321516160785184,-2.909335849010124,1.0000000000000002e-99,-98.99999999999999
5.626153087896421e-06,5.593549162560956e+27,0.31304148842525426,4492971537.345871,905060.1378575217,5.9566774374062526,0.0,2.1771570610294025e-14,0.0,0.0,243588681231011.2,0.0,0.0,0.0024889953125840666,-2.6039759212784257,0.006083494621983942,-2.215846871542119,0.0012321516160785184,-2.909335849010124,1.0000000000000002e-99,-98.99999999999999
1.1252306172311252e-05,1.1187098327108731e+28,0.39441200770036494,5660947025.969452,905042.8328655418,5.956669133500179,0.0,2.1765979784551326e-14,0.0,0.0,487086837266647.75,0.0,0.0,0.0024889953125840666,-2.6039759212784257,0.006083494621983942,-2.215846871542119,0.0012321516160785184,-2.909335849010124,1.0000000000000002e-99,-98.99999999999999
2.2504612340141714e-05,2.2374196652230645e+28,0.4969369380146599,7132659401.965496,905015.3623397037,5.956655951274525,0.0,2.175710739594043e-14,0.0,0.0,973884636727120.8,0.0,0.0,0.0024889953125840666,-2.6039759212784257,0.006083494621983942,-2.215846871542119,0.0012321516160785184,-2.909335849010124,1.0000000000000002e-99,-98.99999999999999
4.5009224675802637e-05,4.474839330446129e+28,0.6261192378884335,8987212602.21843,904971.7542080748,5.956635024306855,0.0,2.1743029648253733e-14,0.0,0.0,1946850279057741.5,0.0,0.0,0.0024889953125840666,-2.6039759212784257,0.006083494621983942,-2.215846871542119,0.0012321516160785184,-2.909335849010124,1.0000000000000002e-99,-98.99999999999999
9.001844934812368e-05,8.949678661090939e+28,0.7888966919457079,11324427478.76458,904902.5271347061,5.95660180107551,0.0,2.1720698469149554e-14,0.0,0.0,3890782994991125.5,0.0,0.0,0.0024889953125840666,-2.6039759212784257,0.006083494621983942,-2.215846871542119,0.0012321516160785184,-2.909335849010124,1.0000000000000002e-99,-98.99999999999999
0.00015466564313582065,1.2854511824038634e+29,0.9449244586635888,10854851730.562973,904813.2770814834,5.9565589647300845,0.0,2.169193925264172e-14,0.0,0.0,6679175891085233.0,0.0,0.0,0.0024889953125840666,-2.6039759212784257,0.006083494621983942,-2.215846871542119,0.0012321516160785184,-2.909335849010124,1.0000000000000002e-99,-98.99999999999999
0.00021931283692400164,1.285451182413487e+29,1.061630367563075,8119230082.13726,904725.4068930952,5.956516786534825,0.0,2.1663658799951157e-14,0.0,0.0,9463933473065188.0,0.0,0.0,0.0024889953125840666,-2.6039759212784257,0.006083494621983942,-2.215846871542119,0.0012321516160785184,-2.909335849010124,1.0000000000000002e-99,-98.99999999999999
0.0003486072244993643,2.5709023648071057e+29,1.239077423237708,12344991663.28421,904608.075899473,5.956460460596415,0.0,2.1625948375390555e-14,0.0,0.0,1.5023753655013984e+16,0.0,0.0,0.0024889953125840666,-2.6039759212784257,0.006083494621983942,-2.215846871542119,0.0012321516160785184,-2.909335849010124,1.0000000000000002e-99,-98.99999999999999
0.0006071959996500897,5.1418047296142114e+29,1.4910341687781314,17528630787.24727,904406.9746541508,5.956363902901685,0.0,2.1561452462066717e-14,0.0,0.0,2.611023147969465e+16,0.0,0.0,0.0024889953125840666,-2.6039759212784257,0.006083494621983942,-2.215846871542119,0.0012321516160785184,-2.909335849010124,1.0000000000000002e-99,-98.99999999999999
0.0011243735499515406,1.0283609459228423e+30,1.8313774322918375,23677680842.64853,904072.6115733115,5.956203312708993,0.0,2.145460378872447e-14,0.0,0.0,4.817330812626714e+16,0.0,0.0,0.0024889953125840666,-2.6039759212784257,0.006083494621983942,-2.215846871542119,0.0012321516160785184,-2.909335849010124,1.0000000000000002e-99,-98.99999999999999
0.0021587286505544423,2.0567218918456846e+30,2.277002114149404,31002109116.830917,903527.8271295507,5.955941532638741,0.0,2.1281541684949164e-14,0.0,0.0,9.194352080192858e+16,0.0,0.0,0.0024889953125840666,-2.6039759212784257,0.006083494621983942,-2.215846871542119,0.0012321516160785184,-2.909335849010124,1.0000000000000002e-99,-98.99999999999999
0.004227438851760246,4.113443783691369e+30,2.8504143408674727,39892288612.77603,902650.624091082,5.955519686758771,0.0,2.1005540024014158e-14,0.0,0.0,1.783486288367899e+17,0.0,0.0,0.0024889953125840666,-2.6039759212784257,0.006083494621983942,-2.215846871542119,0.0012321516160785184,-2.909335849010124,1.0000000000000002e-99,-98.99999999999999
0.007682818173436967,6.870710350227927e+30,3.481188752680054,43882975829.80127,901401.1805434802,5.954918122520385,0.0,2.0618046800813763e-14,0.0,0.0,3.200092563926248e+17,0.0,0.0,0.0024889953125840666,-2.6039759212784257,0.006083494621983942,-2.215846871542119,0.0012321516160785184,-2.909335849010124,1.0000000000000002e-99,-98.99999999999999
0.015483660350708028,1.551127158504345e+31,4.403533383388217,64167515958.36688,899312.0194149493,5.953910397851028,0.0,1.9984532441333293e-14,0.0,0.0,6.299947665902569e+17,0.0,0.0,0.0024889953125840666,-2.6039759212784257,0.006083494621983942,-2.215846871542119,0.0012321516160785184,-2.909335849010124,1.0000000000000002e-99,-98.99999999999999
0.0299610434067954,2.878697137060083e+31,5.499007233311157,76212115739.13892,896030.4154841312,5.952322751908473,0.0,1.9025107867971136e-14,0.0,0.0,1.1776700021081344e+18,0.0,0.0,0.0024889953125840666,-2.6039759212784257,0.006083494621983942,-2.215846871542119,0.0012321516160785184,-2.909335849010124,1.0000000000000002e-99,-98.99999999999999
0.04132525524960339,2.2596711000943116e+31,6.129723677412475,43878943016.12872,892964.3579093235,5.950834124653137,0.0,1.8167337735782765e-14,0.0,0.0,1.5881920825801457e+18,0.0,0.0,0.0024889953125840666,-2.6039759212784257,0.006083494621983942,-2.215846871542119,0.0012321516160785184,-2.909335849010124,1.0000000000000002e-99,-98.99999999999999
0.06719999712867741,5.144959215411499e+31,7.228486101886616,76440901870.66595,888984.6693965363,5.948894271595751,0.0,1.7105732090452234e-14,0.0,0.0,2.46827502213147e+18,0.0,0.0,0.0024889953125840666,-2.6039759212784257,0.006083494621983942,-2.215846871542119,0.0012321516160785184,-2.909335849010124,1.0000000000000002e-99,-98.99999999999999
0.12910470528874607,1.2309193274816265e+32,9.037533758275263,125855445454.95825,880966.1518693087,5.944959222442947,0.0,1.5135226186083573e-14,0.0,0.0,4.3312992659570995e+18,0.0,0.0,0.0024889953125840666,-2.6039759212784257,0.006083494621983942,-2.215846871542119,0.0012321516160785184,-2.909335849010124,1.0000000000000002e-99,-98.99999999999999
0.20163167498990373,1.4421334244560038e+32,10.543882289080628,104796667288.12915,870987.6805752771,5.940012012302709,0.0,1.2975025549036808e-14,0.0,0.0,6.202471068700759e+18,0.0,0.0,0.0024889953125840666,-2.6039759212784257,0.006083494621983943,-2.215846871542119,0.0012321516160785182,-2.909335849010124,1.0000000000000004e-99,-98.99999999999999
0.2825250944412502,1.608492737115749e+32,11.863552557746013,91809460591.0509,861065.5006791353,5.935036189202233,0.0,1.1109952870773985e-14,0.0,0.0,7.989498918934581e+18,0.0,0.0,0.0024889953125840666,-2.6039759212784257,0.006083494621983942,-2.215846871542119,0.0012321516160785182,-2.909335849010124,1.0000000000000002e-99,-98.99999999999999
0.37024005802536397,1.744132993985719e+32,13.053213467288087,82764709476.84204,851207.994997582,5.930035694094566,0.0,9.502954597456344e-15,0.0,0.0,9.64694058431177e+18,0.0,0.0,0.0024889953125840666,-2.6039759212784257,0.006083494621983942,-2.215846871542119,0.0012321516160785184,-2.909335849010124,1.0000000000000002e-99,-98.99999999999999
0.4636227774793762,1.8568312111498475e+32,14.145579796125281,75995925497.20361,841415.136288421,5.925010320311606,0.0,8.11987910678143e-15,0.0,0.0,1.11546650799353e+19,0.0,0.0,0.0024889953125840666,-2.6039759212784257,0.006083494621983942,-2.215846871542119,0.0012321516160785184,-2.909335849010124,1.0000000000000002e-99,-98.99999999999999
0.5617649185453422,1.9514680202700723e+32,15.161555673422486,70681441783.56653,831685.011372015,5.91995887469839,0.0,6.930622096063178e-15,0.0,0.0,1.2507153818039742e+19,0.0,0.0,0.0024889953125840666,-2.6039759212784257,0.006083494621983943,-2.215846871542119,0.0012321516160785184,-2.909335849010124,1.0000000000000002e-99,-98.99999999999999
0.6639257405999703,2.0313758697204976e+32,16.11545064325982,66362473051.583374,822014.9900312253,5.914879737282734,0.0,5.908910012315793e-15,0.0,0.0,1.3707475539576558e+19,0.0,0.0,0.002488995312584066,-2.603975921278426,0.006083494621983939,-2.215846871542119,0.0012321516160785182,-2.909335849010124,1.0000000000000002e-99,-98.99999999999999
0.7694858803120304,2.098968237557254e+32,17.017561236023333,62759833938.55762,812401.6078173006,5.909770774242236,0.0,5.031868219118293e-15,0.0,0.0,1.4763648696326865e+19,0.0,0.0,0.0024889953125840666,-2.6039759212784257,0.006083494621983943,-2.215846871542119,0.0012321516160785184,-2.909335849010124,1.0000000000000002e-99,-98.99999999999999
0.8779177843272448,2.156070682424359e+32,17.875581780301907,59692489265.46045,802840.4164414387,5.904629227537012,0.0,4.279615068250592e-15,0.0,0.0,1.5686363954398527e+19,0.0,0.0,0.0024889953125840666,-2.6039759212784257,0.006083494621983942,-2.215846871542119,0.0012321516160785186,-2.9093358490101235,1.0000000000000002e-99,-98.99999999999999
0.9887657067328501,2.2041110305767706e+32,18.69543431104164,57037140563.56323,793325.7542219713,5.899451553283952,0.0,3.6348922272310625e-15,0.0,0.0,1.6487534559698303e+19,0.0,0.0,0.0024889953125840666,-2.6039759212784257,0.006083494621983943,-2.215846871542119,0.0012321516160785184,-2.909335849010124,1.0000000000000002e-99,-98.99999999999999
1.101631570485947,2.2442359755151945e+32,19.48178548393062,54706451097.88623,783850.6129069766,5.894233302260926,0.0,1.1039006586692757e-13,0.0,0.0,4.126167027550338e+19,0.0,0.0,0.0024889953125840666,-2.6039759212784257,0.006083494621983942,-2.215846871542119,0.0012321516160785186,-2.9093358490101235,1.0000000000000002e-99,-98.99999999999999
1.2161646066591199,2.277386196477536e+32,20.238383983856348,52636557639.83301,774406.9548407464,5.888969244655962,0.0,2.623454325156959e-10,0.0,0.0,5.978744834229299e+22,0.0,0.0,0.002488995312584067,-2.6039759212784257,0.006083494621983943,-2.215846871542119,0.0012321516160785184,-2.909335849010124,1.0000000000000002e-99,-98.99999999999999
1.3320535400316844,2.3043469902267586e+32,20.96828922113601,50779507357.54614,764985.956660311,5.883653462603402,0.0,2.5996251024929824e-10,0.0,0.0,1.1969183114876932e+23,0.0,0.0,0.002488995312584066,-2.603975921278426,0.00608349462198394,-2.215846871542119,0.0012321516160785182,-2.909335849010124,1e-99,-98.99999999999999
1.4490205503397382,2.32578357842575e+32,21.67403088710244,49098447701.284424,755577.8019522643,5.878279190341309,0.0,2.1603245701007e-10,0.0,0.0,1.6993630524086808e+23,0.0,0.0,0.002488995312584067,-2.6039759212784257,0.006083494621983942,-2.215846871542119,0.0012321516160785184,-2.909335849010124,1e-99,-98.99999999999999
1.5668165081099936,2.342266451587066e+32,22.357723114522123,47564468261.5874,746171.4134308422,5.872838606769868,0.0,1.922563431917924e-10,0.0,0.0,2.1496786351716255e+23,0.0,0.0,0.0024889953125840666,-2.6039759212784257,0.006083494621983942,-2.215846871542119,0.0012321516160785184,-2.909335849010124,1.0000000000087955e-99,-98.99999999999618
1.625954377604958,1.1759032343584026e+32,22.691816533442456,23242879154.287354,739117.2574946263,5.868713342648161,0.0,1.6721963078584787e-10,0.0,0.0,2.346312739860922e+23,0.0,0.0,0.0024889953125840666,-2.6039759212784257,0.006083494621983942,-2.215846871542119,0.0012321516160785184,-2.909335849010124,1.0000685574089325e-99,-98.99997022691618
1.7445801600562967,2.35876676745521e+32,23.345690328193673,45489999900.842285,732038.1527324384,5.864533716426385,0.0,1.447253110346728e-10,0.0,0.0,2.687685993939127e+23,0.0,0.0,0.0024889953125840666,-2.6039759212784257,0.006083494621983942,-2.215846871542119,0.0012321516160785184,-2.909335849010124,1.0991304534067617e-99,-98.95895075904836
1.8635141664067327,2.364895521888719e+32,23.981474363553303,44231495339.96948,722572.9566055608,5.858881703403111,0.0,1.1902325597988481e-10,0.0,0.0,2.9691635590065712e+23,0.0,0.0,0.0024889953125840666,-2.6039759212784257,0.006083494621983942,-2.215846871542119,0.0012321516160785184,-2.909335849010124,1.1009465921385054e-99,-98.95823374851427
1.9825817765104166,2.3675521121059184e+32,24.600352898421274,43055379670.76465,713049.6427170451,5.853119766608627,0.0,9.751640852018598e-11,0.0,0.0,3.200038737963521e+23,0.0,0.0,0.0024889953125840666,-2.6039759212784257,0.006083494621983942,-2.215846871542119,0.0012321516160785184,-2.909335849010124,1.100950598674505e-99,-98.95823216804405
2.101624418699017,2.3670556476178917e+32,25.203331937510033,41949251749.40503,703441.7994904623,5.847228171130052,0.0,7.954590444470951e-11,0.0,0.0,3.3883283203242436e+23,0.0,0.0,0.0024889953125840666,-2.6039759212784257,0.006083494621983942,-2.215846871542119,0.0012321516160785184,-2.909335849010124,1.1009505988480724e-99,-98.95823216797558
2.2204978786857654,2.3636916120168042e+32,25.79142338407341,40913521937.41431,693884.1243940823,5.841286951235895,0.0,6.474399576296467e-11,0.0,0.0,3.5413631600376146e+23,0.0,0.0,0.0024889953125840666,-2.6039759212784257,0.006083494621983942,-2.215846871542119,0.0012321516160785184,-2.909335849010124,1.1009505990321728e-99,-98.95823216790296
2.339070849854564,2.357716662700341e+32,26.365595759098873,39945172130.52124,684452.4742790275,5.8353432977951565,0.0,5.264860579402706e-11,0.0,0.0,3.665493655186134e+23,0.0,0.0,0.0024889953125840666,-2.6039759212784257,0.006083494621983942,-2.215846871542119,0.0012321516160785184,-2.909335849010124,1.100950599247144e-99,-98.95823216781817
2.457223686721569,2.3493626707732915e+32,26.92671098340059,39036786154.67041,675144.4156191015,5.829396679791184,0.0,4.2772998663218626e-11,0.0,0.0,3.7659829415625355e+23,0.0,0.0,0.0024889953125840666,-2.6039759212784257,0.006083494621983942,-2.215846871542119,0.0012321516160785184,-2.909335849010124,1.1009505994889843e-99,-98.95823216772276
2.5748473199768775,2.3388399339222345e+32,27.475540059566004,38182038828.82788,665957.7439674528,5.823446673398578,0.0,3.471675442150264e-11,0.0,0.0,3.847179873179717e+23,0.0,0.0,0.0024889953125840666,-2.6039759212784257,0.006083494621983942,-2.215846871542119,0.0012321516160785184,-2.909335849010124,1.1009505997537515e-99,-98.95823216761832
2.6918423053921523,2.3263398382190656e+32,28.012775925680454,37375499205.582275,656890.4594985879,5.817492954336617,0.0,2.8150594864575782e-11,0.0,0.0,3.912667723482745e+23,0.0,0.0,0.0024889953125840666,-2.6039759212784257,0.006083494621983942,-2.215846871542119,0.0012321516160785184,-2.909335849010124,1.1009506000382262e-99,-98.9582321675061
2.8081179872693616,2.3120371356678887e+32,28.53904406462755,36612474426.54956,647940.7352964819,5.811535284403359,0.0,2.280387525564044e-11,0.0,0.0,3.965391129910924e+23,0.0,0.0,0.0024889953125840666,-2.6039759212784257,0.006083494621983942,-2.215846871542119,0.0012321516160785184,-2.909335849010124,1.100950600339788e-99,-98.95823216738714
2.9235917595294576,2.2960918856871435e+32,29.054911332935326,35888885856.171875,639106.8826433619,5.805573494559881,0.0,1.8454269854684042e-11,0.0,0.0,4.007763829180545e+23,0.0,0.0,0.0024889953125840666,-2.6039759212784257,0.006083494621983942,-2.215846871542119,0.0012321516160785184,-2.909335849010124,1.1009506006562895e-99,-98.9582321672623
3.038188417548339,2.2786512595375293e+32,29.560893412088596,35201173246.693115,630387.325201205,5.799607472485125,0.0,1.491926678006907e-11,0.0,0.0,4.041759635220325e+23,0.0,0.0,0.0024889953125840666,-2.6039759212784257,0.006083494621983942,-2.215846871542119,0.0012321516160785184,-2.909335849010124,1.1009506009859501e-99,-98.95823216713225
3.151839573038186,2.2598507939225057e+32,30.057461073015787,34546212170.70459,621780.5799101004,5.793637153587536,0.0,1.2049150157776154e-11,0.0,0.0,4.0689889167704674e+23,0.0,0.0,0.0024889953125840666,-2.6039759212784257,0.006083494621983942,-2.215846871542119,0.0012321516160785184,-2.909335849010124,1.100950601327289e-99,-98.9582321669976
3.2644831221006902,2.2398154482634386e+32,30.545045458705225,33921245712.414307,613285.2307172706,5.787662506029047,0.0,9.721204023282498e-12,0.0,0.0,4.0907626197175364e+23,0.0,0.0,0.0024889953125840666,-2.6039759212784257,0.006083494621983942,-2.215846871542119,0.0012321516160785184,-2.909335849010124,1.100950601679065e-99,-98.95823216685883
3.3760627746743053,2.21866082546435e+32,31.024042626700048,33323832977.399902,604899.9063946275,5.781683517302358,0.0,7.834929098391734e-12,0.0,0.0,4.1081456699784285e+23,0.0,0.0,0.0024889953125840666,-2.6039759212784257,0.006083494621983942,-2.215846871542119,0.0012321516160785184,-2.909335849010124,1.10095060204023e-99,-98.95823216671637
3.4865276304371733,2.196494095641232e+32,31.4948174581146,32751805021.510254,596623.2704693673,5.775700188414822,0.0,6.308096489471276e-12,0.0,0.0,4.122001366672287e+23,0.0,0.0,0.0024889953125840666,-2.6039759212784257,0.006083494621983942,-2.215846871542119,0.0012321516160785184,-2.909335849010124,1.1009506024098855e-99,-98.95823216657055
3.595831779601449,2.1734144910649802e+32,31.9577069766061,32203223801.453613,588454.0116809481,5.769712527920981,0.0,5.073490146893821e-12,0.0,0.0,4.133028163677822e+23,0.0,0.0,0.0024889953125840666,-2.6039759212784257,0.006083494621983942,-2.215846871542119,0.0012321516160785184,-2.909335849010124,1.1009506027872499e-99,-98.95823216642168
3.70393393428291,2.1495139141234453e+32,32.41302320033248,31676349684.64453,580390.835012938,5.7637205458492025,0.0,4.076219694933698e-12,0.0,0.0,4.141790054629106e+23,0.0,0.0,0.0024889953125840666,-2.6039759212784257,0.006083494621983942,-2.215846871542119,0.0012321516160785184,-2.909335849010124,1.1009506031716289e-99,-98.95823216627007
3.8107970854967896,2.1248774468757627e+32,32.86105559637768,31169613792.864258,572432.4577043743,5.7577242508778514,0.0,3.2715054387893818e-12,0.0,0.0,4.148741602753321e+23,0.0,0.0,0.0024889953125840666,-2.6039759212784257,0.006083494621983942,-2.215846871542119,0.0012321516160785184,-2.909335849010124,1.1009506035623972e-99,-98.95823216611592
3.91638819362057,2.099584016512693e+32,33.30207325083209,30681598220.393066,564577.6080001933,5.751723649378026,0.0,2.6228534649620145e-12,0.0,0.0,4.154248503966011e+23,0.0,0.0,0.0024889953125840666,-2.6039759212784257,0.006083494621983942,-2.215846871542119,0.0012321516160785184,-2.909335849010124,1.1009506039589886e-99,-98.95823216595947
4.020677902939843,2.0737068742267346e+32,33.73632677098427,30211017396.987305,556825.0244158972,5.745718744780529,0.0,2.1005533245527953e-12,0.0,0.0,4.1586044358348156e+23,0.0,0.0,0.0024889953125840666,-2.6039759212784257,0.006083494621983942,-2.215846871542119,0.0012321516160785184,-2.909335849010124,1.1009506043608883e-99,-98.95823216580094
4.123640260128758,2.0473136734477718e+32,34.16404987900873,29756696625.26172,549173.4559018473,5.739709537607052,0.0,1.680442482665226e-12,0.0,0.0,4.1620448287070185e+23,0.0,0.0,0.0024889953125840666,-2.6039759212784257,0.006083494621983942,-2.215846871542119,0.0012321516160785184,-2.909335849010124,1.1009506047676319e-99,-98.95823216564048
4.225252464824747,2.0204671080089528e+32,34.58546086159164,29317562058.293457,541621.6620442052,5.733696025540701,0.0,1.342891048425677e-12,0.0,0.0,4.164758095900002e+23,0.0,0.0,0.0024889953125840666,-2.6039759212784257,0.006083494621983942,-2.215846871542119,0.0012321516160785184,-2.909335849010124,1.100950605178802e-99,-98.9582321654783
4.32549465414251,1.9932255869982123e+32,35.00076391826627,28892633652.854004,534168.4116077959,5.727678202161488,0.0,1.0719683575180436e-12,0.0,0.0,4.16689477065866e+23,0.0,0.0,0.0024889953125840666,-2.6039759212784257,0.006083494621983942,-2.215846871542119,0.0012321516160785184,-2.909335849010124,1.1009506055940229e-99,-98.9582321653145
4.424349702352687,1.9656435362944956e+32,35.41015035261258,28481014237.472656,526812.4806288556,5.721656055211608,0.0,8.547596511524269e-13,0.0,0.0,4.1685749234420325e+23,0.0,0.0,0.0024889953125840666,-2.6039759212784257,0.006083494621983942,-2.215846871542119,0.0012321516160785184,-2.909335849010124,1.100950606012949e-99,-98.95823216514924
4.521803035799333,1.9377717015773866e+32,35.81379963656392,28081880684.49463,519552.6512675167,5.71562956536054,0.0,6.808063905545477e-13,0.0,0.0,4.169894170799902e+23,0.0,0.0,0.0024889953125840666,-2.6039759212784257,0.006083494621983942,-2.215846871542119,0.0012321516160785184,-2.909335849010124,1.1009506064352578e-99,-98.95823216498265
4.61784246468654,1.909657483755281e+32,36.21188038216486,27694477471.45703,512387.7104268539,5.709598704683482,0.0,5.416482862777807e-13,0.0,0.0,4.170928533503356e+23,0.0,0.0,0.0024889953125840666,-2.6039759212784257,0.006083494621983942,-2.215846871542119,0.0012321516160785184,-2.909335849010124,1.1009506068606427e-99,-98.95823216481485
4.712458030711953,1.881345254066121e+32,36.604551227612134,27318110717.76709,505316.44847146113,5.703563435115584,0.0,4.3044898307699586e-13,0.0,0.0,4.171738356654785e+23,0.0,0.0,0.0024889953125840666,-2.6039759212784257,0.006083494621983942,-2.215846871542119,0.0012321516160785184,-2.909335849010124,1.1009506072888113e-99,-98.95823216464595
4.805641871354026,1.852876685222537e+32,36.99196165839398,26952143669.493164,498337.65879425284,5.697523707537421,0.0,3.4169043174599785e-13,0.0,0.0,4.172371466889331e+23,0.0,0.0,0.0024889953125840666,-2.6039759212784257,0.006083494621983942,-2.215846871542119,0.0012321516160785184,-2.909335849010124,1.1009506077194838e-99,-98.95823216447606
4.897388085196245,1.8242907720304387e+32,37.37425272322604,26595989380.3667,491450.1450461254,5.691479467581071,0.0,2.7092365661895084e-13,0.0,0.0,4.1728657104160254e+23,0.0,0.0,0.0024889953125840666,-2.6039759212784257,0.006083494621983942,-2.215846871542119,0.0012321516160785184,-2.909335849010124,1.1009506081523927e-99,-98.95823216430529
4.987692604453049,1.795623974588709e+32,37.75155768915438,26249106479.634277,484652.7372080431,5.685430669876363,0.0,2.1456569189635093e-13,0.0,0.0,4.1732509897165185e+23,0.0,0.0,0.0024889953125840666,-2.6039759212784257,0.006083494621983942,-2.215846871542119,0.0012321516160785184,-2.909335849010124,1.1009506085872741e-99,-98.95823216413373
5.076553081419054,1.766910495141417e+32,38.124002668261625,25910997196.49121,477944.3005394784,5.679377287035048,0.0,1.697342038410437e-13,0.0,0.0,4.1735508948626695e+23,0.0,0.0,0.0024889953125840666,-2.6039759212784257,0.006083494621983942,-2.215846871542119,0.0012321516160785184,-2.909335849010124,1.100950609018599e-99,-98.95823216396359
5.1639687780916805,1.738182341177987e+32,38.491707171562695,25581202294.655273,471323.7377191494,5.673319313090487,0.0,1.3411302732766368e-13,0.0,0.0,4.173784007758492e+23,0.0,0.0,0.0024889953125840666,-2.6039759212784257,0.006083494621983942,-2.215846871542119,0.0012321516160785184,-2.909335849010124,1.10095060608747e-99,-98.95823216511984
5.249940458744439,1.7094693841044486e+32,38.85478459824541,25259296574.316406,464789.99648455624,5.6672567723119025,0.0,1.0584303479179301e-13,0.0,0.0,4.173964943185989e+23,0.0,0.0,0.0024889953125840666,-2.6039759212784257,0.006083494621983942,-2.215846871542119,0.0012321516160785184,-2.909335849010124,1.1009491024187313e-99,-98.95823275827587
5.334470294386401,1.680799595589592e+32,39.213342719904965,24944888523.85547,458342.07455123425,5.661189726122617,0.0,8.343361383040095e-14,0.0,0.0,4.174105178370374e+23,0.0,0.0,0.0024889953125840666,-2.6039759212784257,0.006083494621983942,-2.215846871542119,0.0012321516160785184,-2.909335849010124,1.1005940173517916e-99,-98.95837285227186
5.417561772715635,1.6521991568074363e+32,39.567484123810296,24637617469.693848,451979.01583871996,5.65511827216315,0.0,6.569094933313182e-14,0.0,0.0,4.174213712901472e+23,0.0,0.0,0.0024889953125840666,-2.6039759212784257,0.006083494621983942,-2.215846871542119,0.0012321516160785184,-2.909335849010124,1.1009489120547938e-99,-98.95823283336927
5.499219606440147,1.6236924259763862e+32,39.917306575160545,24337147940.436523,445699.8967370555,5.649042533465732,0.0,5.1659997319620764e-14,0.0,0.0,4.174297592847846e+23,0.0,0.0,0.0024889953125840666,-2.6039759212784257,0.006083494621983942,-2.215846871542119,0.0012321516160785184,-2.909335849010124,1.1009506053076602e-99,-98.95823216542746
5.57944964799853,1.5953020656120307e+32,40.26290334537731,24043167303.98047,439503.81055031845,5.642962644810933,0.0,4.057760578077717e-14,0.0,0.0,4.174362326386166e+23,0.0,0.0,0.0024889953125840666,-2.6039759212784257,0.006083494621983942,-2.215846871542119,0.0012321516160785184,-2.909335849010124,1.1009503124071922e-99,-98.95823228096859
5.65825881063632,1.5670491689043191e+32,40.604363517831494,23755384197.637695,433389.8611700323,5.63687874710975,0.0,3.1834688776676946e-14,0.0,0.0,4.1744122129087557e+23,0.0,0.0,0.0024889953125840666,-2.6039759212784257,0.006083494621983942,-2.215846871542119,0.0012321516160785184,-2.909335849010124,1.1009506092448778e-99,-98.95823216387433
5.73565499016956,1.5389532733821288e+32,40.94177224909358,23473525433.90332,427357.15556704305,5.63079098008003,0.0,2.494571205691963e-14,0.0,0.0,4.174450603193982e+23,0.0,0.0,0.0024889953125840666,-2.6039759212784257,0.006083494621983942,-2.215846871542119,0.0012321516160785184,-2.909335849010124,1.1009503016927162e-99,-98.95823228519515
5.811646988418996,1.511032394132458e+32,41.27521098659041,23197332967.654297,421404.792539754,5.624699470431393,0.0,1.952410316431473e-14,0.0,0.0,4.17448010474633e+23,0.0,0.0,0.0024889953125840666,-2.6039759212784257,0.006083494621983942,-2.215846871542119,0.0012321516160785184,-2.909335849010124,1.1009506048523413e-99,-98.95823216560707
5.886244434794029,1.4833029870098437e+32,41.60475763267929,22926560168.40332,415531.8583374323,5.618604326242259,0.0,1.526246587610743e-14,0.0,0.0,4.174502743607553e+23,0.0,0.0,0.0024889953125840666,-2.6039759212784257,0.006083494621983942,-2.215846871542119,0.0012321516160785184,-2.909335849010124,1.1009483384130556e-99,-98.95823305965543
5.959457718427884,1.4557801584377395e+32,41.930486722304096,22660972765.197754,409737.4277191833,5.612505636663646,0.0,1.191667253563458e-14,0.0,0.0,4.174520091662985e+23,0.0,0.0,0.0024889953125840666,-2.6039759212784257,0.006083494621983942,-2.215846871542119,0.0012321516160785184,-2.909335849010124,1.1005299898619172e-99,-98.95839811825913
6.031297926669353,1.4284777918034056e+32,42.252469599216056,22400348746.765137,404020.5646546837,5.606403471270879,0.0,9.293086243760608e-15,0.0,0.0,4.1745333666303016e+23,0.0,0.0,0.0024889953125840666,-2.6039759212784257,0.006083494621983942,-2.215846871542119,0.0012321516160785184,-2.909335849010124,1.100948431222455e-99,-98.95823302304463
6.170906561777532,2.7759918808378308e+32,42.88557719597354,44045295506.41797,395640.68379225896,5.597300943789676,0.0,6.3980531812578286e-15,0.0,0.0,4.174551127573986e+23,0.0,0.0,0.0024889953125840666,-2.6039759212784257,0.006083494621983942,-2.215846871542119,0.0012321516160785184,-2.909335849010124,1.1009506128450864e-99,-98.95823216245415
6.2387000952228036,1.3480133107207693e+32,43.196718136995166,21646075266.875,387325.1424625667,5.5880756892875185,0.0,4.375061378867606e-15,0.0,0.0,4.1745570252149604e+23,0.0,0.0,0.0024889953125840666,-2.6039759212784257,0.006083494621983942,-2.215846871542119,0.0012321516160785184,-2.909335849010124,1.1009506156356312e-99,-98.95823216135335
6.305170674011656,1.3217075497476807e+32,43.5043688434554,21403259648.438477,381909.12131448486,5.5819600309557815,0.0,3.395184500174212e-15,0.0,0.0,4.174561512655947e+23,0.0,0.0,0.0024889953125840666,-2.6039759212784257,0.006083494621983942,-2.215846871542119,0.0012321516160785184,-2.909335849010124,1.1009506160759078e-99,-98.95823216117968
6.434198295356435,2.565597958746484e+32,44.10952604928653,42100786809.67139,373973.53601480176,5.572840870731539,0.0,2.3207254202734553e-15,0.0,0.0,4.174567466704348e+23,0.0,0.0,0.0024889953125840666,-2.6039759212784257,0.006083494621983942,-2.215846871542119,0.0012321516160785184,-2.909335849010124,1.100950616723418e-99,-98.95823216092425
6.558103886870525,2.463751012012983e+32,44.70137339066302,41174819539.5625,363572.12550999806,5.560590579166966,0.0,1.3872718890090095e-15,0.0,0.0,4.1745708845968685e+23,0.0,0.0,0.0024889953125840666,-2.6039759212784257,0.006083494621983942,-2.215846871542119,0.0012321516160785184,-2.909335849010124,1.1009506175894452e-99,-98.95823216058263
6.677007319941477,2.3642875997816415e+32,45.28030935783669,40276575236.27246,353449.584369057,5.5483274752989695,0.0,8.251084965348631e-16,0.0,0.0,4.174572835390655e+23,0.0,0.0,0.0024889953125840666,-2.6039759212784257,0.006083494621983942,-2.215846871542119,0.0012321516160785184,-2.909335849010124,1.1009506184483485e-99,-98.95823216024382
6.791033005156869,2.2672979799539425e+32,45.84670351346869,39404041407.31787,343599.0233762478,5.536051920750272,0.0,4.88262393825787e-16,0.0,0.0,4.1745739424269945e+23,0.0,0.0,0.0024889953125840666,-2.6039759212784257,0.006083494621983942,-2.215846871542119,0.0012321516160785184,-2.909335849010124,1.100950619299187e-99,-98.95823215990819
6.9003091352668715,2.1728573574241346e+32,46.400900386814534,38555476478.67041,334013.65317903244,5.523764219443676,0.0,2.8745401255086583e-16,0.0,0.0,4.1745745670235604e+23,0.0,0.0,0.0024889953125840666,-2.6039759212784257,0.006083494621983942,-2.215846871542119,0.0012321516160785184,-2.909335849010124,1.1009506201411043e-99,-98.95823215957607
7.0049669813688125,2.0810269423509704e+32,46.943222977565654,37729382638.555664,324686.81247590523,5.511464649619988,0.0,1.6835885097404595e-16,0.0,0.0,4.1745749173828654e+23,0.0,0.0,0.0024889953125840666,-2.6039759212784257,0.006083494621983942,-2.215846871542119,0.0012321516160785184,-2.909335849010124,1.10095062097332e-99,-98.95823215924779
7.105140154238587,1.9918532571340112e+32,47.473975560096214,36924457166.65088,315612.0901963385,5.499153631435304,0.0,9.809295617112359e-17,0.0,0.0,4.17457511276964e+23,0.0,0.0,0.0024889953125840666,-2.6039759212784257,0.006083494621983942,-2.215846871542119,0.0012321516160785184,-2.909335849010124,1.1009506217951277e-99,-98.95823215892361
7.200963798206228,1.905366795115158e+32,47.993445636969724,36139533248.09033,306783.4279821687,5.486831895921388,0.0,5.685399121465983e-17,0.0,0.0,4.1745752210973465e+23,0.0,0.0,0.0024889953125840666,-2.6039759212784257,0.006083494621983942,-2.215846871542119,0.0012321516160785184,-2.909335849010124,1.1009506226058945e-99,-98.95823215860378
7.292573720383474,1.8215807351111498e+32,48.501904710070356,35373497715.61084,298195.0723984714,5.474500462564881,0.0,3.277913220179661e-17,0.0,0.0,4.1745752808071825e+23,0.0,0.0,0.0024889953125840666,-2.6039759212784257,0.006083494621983942,-2.215846871542119,0.0012321516160785184,-2.909335849010124,1.10095062340454e-99,-98.95823215828874
7.3801055955878265,1.740492446570448e+32,48.99960854527934,34625255815.48877,289841.45983979845,5.46216050843599,0.0,1.879933920065649e-17,0.0,0.0,4.17457531352729e+23,0.0,0.0,0.0024889953125840666,-2.6039759212784257,0.006083494621983942,-2.215846871542119,0.0012321516160785184,-2.909335849010124,1.1009506236128294e-99,-98.95823215820657
7.463694371629771,1.6620874736136947e+32,49.4867977101148,33893750197.603027,281717.130521943,5.4498132561620345,0.0,1.0724896601854127e-17,0.0,0.0,4.1745753313530064e+23,0.0,0.0,0.0024889953125840666,-2.6039759212784257,0.006083494621983942,-2.215846871542119,0.0012321516160785184,-2.909335849010124,1.1009501808633166e-99,-98.95823233285901
7.543473901779266,1.586344052289097e+32,49.96369882240508,33178010382.034668,273816.69549019675,5.437459924945559,0.0,6.086204093519135e-18,0.0,0.0,4.17457534100782e+23,0.0,0.0,0.0024889953125840666,-2.6039759212784257,0.006083494621983942,-2.215846871542119,0.0012321516160785184,-2.909335849010124,1.100775029789406e-99,-98.95830143062352
7.619576724610185,1.5132360410498271e+32,50.43052630439582,32477187922.09619,266134.8406286398,5.425101733259729,0.0,3.4355875238852526e-18,0.0,0.0,4.174575346206674e+23,0.0,0.0,0.0024889953125840666,-2.6039759212784257,0.006083494621983942,-2.215846871542119,0.0012321516160785184,-2.909335849010124,1.1009501130981517e-99,-98.9582323595905
7.692133861831778,1.4427332784100875e+32,50.88748400410028,31790547168.438965,258666.33639365147,5.4127399120185276,0.0,1.929104970547906e-18,0.0,0.0,4.174575348989858e+23,0.0,0.0,0.0024889953125840666,-2.6039759212784257,0.006083494621983942,-2.215846871542119,0.0012321516160785184,-2.909335849010124,1.1009506261566548e-99,-98.9582321572031
7.761274610870889,1.3748014785682813e+32,51.334766573486235,31117448352.181152,251406.06136901097,5.400375744262351,0.0,1.077486876356304e-18,0.0,0.0,4.174575350471189e+23,0.0,0.0,0.0024889953125840666,-2.6039759212784257,0.006083494621983942,-2.215846871542119,0.0012321516160785184,-2.909335849010124,1.1009505511261033e-99,-98.95823218680057
7.827126314801509,1.309401780979306e+32,51.77256049717763,30457323271.20996,244349.0311748073,5.388010621423248,0.0,5.986502203726347e-19,0.0,0.0,4.174575351255063e+23,0.0,0.0,0.0024889953125840666,-2.6039759212784257,0.006083494621983942,-2.215846871542119,0.0012321516160785184,-2.909335849010124,1.1009506281548723e-99,-98.95823215641487
7.889814188061083,1.2464918596240085e+32,52.20104524487893,29809683897.57959,237490.41150403314,5.3756460800031975,0.0,3.3086182728432868e-19,0.0,0.0,4.1745753516674796e+23,0.0,0.0,0.0024889953125840666,-2.6039759212784257,0.006083494621983942,-2.215846871542119,0.0012321516160785184,-2.909335849010124,1.10095054593848e-99,-98.95823218884695
7.949461192229531,1.1860269184611226e+32,52.62039452306613,29174129283.483887,230825.48253098284,5.363283752107995,0.0,1.8190417070752566e-19,0.0,0.0,4.1745753518832225e+23,0.0,0.0,0.0024889953125840666,-2.6039759212784257,0.006083494621983942,-2.215846871542119,0.0012321516160785184,-2.909335849010124,1.1009506297164764e-99,-98.95823215579885
8.00618798605701,1.1279611677961565e+32,53.03077776458796,28550362112.67334,224349.546274856,5.350925195551618,0.0,9.948804251642864e-20,0.0,0.0,4.174575351995441e+23,0.0,0.0,0.0024889953125840666,-2.6039759212784257,0.006083494621983942,-2.215846871542119,0.0012321516160785184,-2.909335849010124,1.1009506302885472e-99,-98.95823215557319
8.060112916681542,1.072248643305244e+32,53.43236169309011,27938193905.89453,218057.796253346,5.338571618683278,0.0,5.4129666107745266e-20,0.0,0.0,4.174575352053482e+23,0.0,0.0,0.0024889953125840666,-2.6039759212784257,0.006083494621983942,-2.215846871542119,0.0012321516160785184,-2.909335849010124,1.100950523783316e-99,-98.95823219758655
8.111352031622644,1.0188436191471973e+32,53.82531189265547,27337545383.762207,211945.22738495632,5.326223641504785,0.0,2.929741208953641e-20,0.0,0.0,4.174575352083331e+23,0.0,0.0,0.0024889953125840666,-2.6039759212784257,0.006083494621983942,-2.215846871542119,0.0012321516160785184,-2.909335849010124,1.1009506311468075e-99,-98.95823215523463
8.160019081092118,9.677004154284959e+31,54.20979442109196,26748449503.32617,206006.663085213,5.313881267429068,0.0,1.5773707081660915e-20,0.0,0.0,4.174575352098595e+23,0.0,0.0,0.0024889953125840666,-2.6039759212784257,0.006083494621983942,-2.215846871542119,0.0012321516160785184,-2.909335849010124,1.100950515494957e-99,-98.95823220085607
8.206225469161986,9.187723812742915e+31,54.58597723911878,26171038650.126465,200236.9037713479,5.301544121231537,0.0,8.447378826659428e-21,0.0,0.0,4.174575352106356e+23,0.0,0.0,0.0024889953125840666,-2.6039759212784257,0.006083494621983942,-2.215846871542119,0.0012321516160785184,-2.909335849010124,1.100950630281522e-99,-98.95823215557596
8.25008016224558,8.720110460385033e+31,54.95403157482894,25605540135.35547,194630.91525775034,5.28921182493269,0.0,7.888041204943603e-21,0.0,0.0,4.174575352113235e+23,0.0,0.0,0.0024889953125840666,-2.6039759212784257,0.006083494621983942,-2.215846871542119,0.0012321516160785184,-2.909335849010124,1.1009495137030605e-99,-98.95823259603542
8.291689490973292,8.273639995530534e+31,55.31413237542936,25052212697.771484,189183.93244630008,5.276884248629056,0.0,7.547459163139369e-21,0.0,0.0,4.174575352119479e+23,0.0,0.0,0.0024889953125840666,-2.6039759212784257,0.006083494621983942,-2.215846871542119,0.0012321516160785184,-2.909335849010124,1.1006827826913406e-99,-98.95833782687464
8.331156938078998,7.847746139623792e+31,55.666458329988096,24511316658.651367,183891.44090321762,5.264561515779634,0.0,7.222047520251526e-21,0.0,0.0,4.174575352125147e+23,0.0,0.0,0.0024889953125840666,-2.6039759212784257,0.006083494621983942,-2.215846871542119,0.0012321516160785184,-2.909335849010124,1.1009494897835672e-99,-98.958232605471
8.368582868708403,7.44180898835732e+31,56.011190787037386,23983037036.918945,178749.07847129364,5.252243811503251,0.0,6.911067706517193e-21,0.0,0.0,4.1745753521302905e+23,0.0,0.0,0.0024889953125840666,-2.6039759212784257,0.006083494621983942,-2.215846871542119,0.0012321516160785184,-2.909335849010124,1.1009506327244575e-99,-98.95823215461229
8.404064302329557,7.055163283881762e+31,56.3485123737467,23467462787.367188,173752.53393534504,5.23993114688007,0.0,6.613813489362658e-21,0.0,0.0,4.1745753521349566e+23,0.0,0.0,0.0024889953125840666,-2.6039759212784257,0.006083494621983942,-2.215846871542119,0.0012321516160785184,-2.909335849010124,1.10095063594911e-99,-98.95823215334025
8.437694739103744,6.687109243767951e+31,56.67860549407892,22964578381.512695,168897.48413170644,5.2276231804422055,0.0,6.329613915637756e-21,0.0,0.0,4.174575352139189e+23,0.0,0.0,0.0024889953125840666,-2.6039759212784257,0.006083494621983942,-2.215846871542119,0.0012321516160785184,-2.909335849010124,1.100950636466823e-99,-98.95823215313602
8.469564031455539,6.33692154844724e+31,57.00165073159507,22474257173.998047,164179.55966889276,5.215319086549649,0.0,6.057834507148142e-21,0.0,0.0,4.174575352143028e+23,0.0,0.0,0.0024889953125840666,-2.6039759212784257,0.006083494621983942,-2.215846871542119,0.0012321516160785184,-2.909335849010124,1.1009506369655386e-99,-98.9582321529393
8.499758348991,6.003867902650144e+31,57.31782574524072,21996295699.328125,159594.33751455657,5.2030174783066405,0.0,5.797877368857682e-21,0.0,0.0,4.174575352146509e+23,0.0,0.0,0.0024889953125840666,-2.6039759212784257,0.006083494621983942,-2.215846871542119,0.0012321516160785184,-2.909335849010124,1.1009506374500932e-99,-98.95823215274815
8.528360181222562,5.687216552928663e+31,57.62730428641738,21530422109.660156,155137.35947333265,5.190716395230377,0.0,5.54917969718892e-21,0.0,0.0,4.174575352149665e+23,0.0,0.0,0.0024889953125840666,-2.6039759212784257,0.006083494621983942,-2.215846871542119,0.0012321516160785184,-2.909335849010124,1.1009506379206837e-99,-98.95823215256252
8.555448378125728,5.386243810166719e+31,57.930255471890156,21076313973.34082,150804.1946510343,5.178413421695969,0.0,5.311210926669415e-21,0.0,0.0,4.174575352152526e+23,0.0,0.0,0.0024889953125840666,-2.6039759212784257,0.006083494621983942,-2.215846871542119,0.0012321516160785184,-2.909335849010124,1.1009506383775034e-99,-98.95823215238232
8.58109824340295,5.100244529930376e+31,58.22684363168207,20633638276.723633,146590.535269013,5.166105930652069,0.0,5.083468640496806e-21,0.0,0.0,4.174575352155118e+23,0.0,0.0,0.0024889953125840666,-2.6039759212784257,0.006083494621983942,-2.215846871542119,0.0012321516160785184,-2.909335849010124,1.1009506388207493e-99,-98.95823215220747
8.605381607655163,4.828528117285701e+31,58.51722802294815,20202042100.381348,142492.31357054546,5.153791437930977,0.0,4.865474036218327e-21,0.0,0.0,4.1745753521574676e+23,0.0,0.0,0.0024889953125840666,-2.6039759212784257,0.006083494621983942,-2.215846871542119,0.0012321516160785184,-2.909335849010124,1.1009506392506255e-99,-98.9582321520379
8.628366947107065,4.5704275847505215e+31,58.801563157980716,19781195344.215332,138505.80258363427,5.141467968182165,0.0,4.6567680878777134e-21,0.0,0.0,4.1745753521595956e+23,0.0,0.0,0.0024889953125840666,-2.6039759212784257,0.006083494621983942,-2.215846871542119,0.0012321516160785184,-2.909335849010124,1.1009506396673446e-99,-98.95823215187352
8.650119476651355,4.325294445852033e+31,59.07999888383509,19370773447.688965,134627.6659524409,5.1291343164692345,0.0,4.456909134448116e-21,0.0,0.0,4.174575352161524e+23,0.0,0.0,0.0024889953125840666,-2.6039759212784257,0.006083494621983942,-2.215846871542119,0.0012321516160785184,-2.909335849010124,1.1009506400711305e-99,-98.95823215171423
8.670701242242705,4.092498585823295e+31,59.35268034877296,18970449515.72754,130854.95211467503,5.116790162859592,0.0,4.2654728809539e-21,0.0,0.0,4.174575352163269e+23,0.0,0.0,0.0024889953125840666,-2.6039759212784257,0.006083494621983942,-2.215846871542119,0.0012321516160785184,-2.909335849010124,1.1009506404621938e-99,-98.95823215155997
8.690171219003096,3.871429397262419e+31,59.619747875250205,18579887817.021973,127185.02745921873,5.104435988084634,0.0,4.082053385671232e-21,0.0,0.0,4.1745753521648496e+23,0.0,0.0,0.0024889953125840666,-2.6039759212784257,0.006083494621983942,-2.215846871542119,0.0012321516160785184,-2.909335849010124,1.1009506408261308e-99,-98.95823215141641
8.70858535067291,3.6614841172593433e+31,59.881335689231804,18198664218.699707,123615.4688334093,5.092072820337243,0.0,3.906266230940653e-21,0.0,0.0,4.17457535216628e+23,0.0,0.0,0.0024889953125840666,-2.6039759212784257,0.006083494621983942,-2.215846871542119,0.0012321516160785184,-2.909335849010124,1.100950633824472e-99,-98.95823215417836
8.725996618393042,3.462073659607287e+31,60.13757058164181,17826261464.964355,120143.9275361342,5.079701825042585,0.0,3.7377518551237895e-21,0.0,0.0,4.1745753521675735e+23,0.0,0.0,0.0024889953125840666,-2.6039759212784257,0.006083494621983942,-2.215846871542119,0.0012321516160785184,-2.909335849010124,1.100948061641737e-99,-98.95823316883428
8.7424550580241,3.2726123818686105e+31,60.388569314348985,17461981834.43799,116768.01973307416,5.067323915077646,0.0,3.576178817711419e-21,0.0,0.0,4.174575352168744e+23,0.0,0.0,0.0024889953125840666,-2.6039759212784257,0.006083494621983942,-2.215846871542119,0.0012321516160785184,-2.909335849010124,1.1004769523479436e-99,-98.95841904858807
8.758007816194732,3.0925257863065226e+31,60.63443616489765,17104956792.670898,113485.29583318197,5.054939594108862,0.0,3.421244389552288e-21,0.0,0.0,4.174575352169802e+23,0.0,0.0,0.0024889953125840666,-2.6039759212784257,0.006083494621983942,-2.215846871542119,0.0012321516160785184,-2.909335849010124,1.1009475949257051e-99,-98.95823335294128
8.772699282453043,2.9212656523051495e+31,60.875261537087404,16754221143.24121,110293.3414308431,5.042549294243174,0.0,3.2726719156571825e-21,0.0,0.0,4.1745753521707585e+23,0.0,0.0,0.0024889953125840666,-2.6039759212784257,0.006083494621983942,-2.215846871542119,0.0012321516160785184,-2.909335849010124,1.1009506281848793e-99,-98.95823215640303
8.78657130963397,2.758327577314764e+31,61.11112245752049,16408844234.529297,107189.99308714888,5.03015424291377,0.0,3.1302034689110826e-21,0.0,0.0,4.174575352171622e+23,0.0,0.0,0.0024889953125840666,-2.6039759212784257,0.006083494621983942,-2.215846871542119,0.0012321516160785184,-2.909335849010124,1.1009501034798256e-99,-98.95823236338467
8.799663587966721,2.603281546676899e+31,61.342086587638505,16068174532.310547,104173.58382604113,5.017757605210753,0.0,2.9935914973730015e-21,0.0,0.0,4.1745753521724013e+23,0.0,0.0,0.0024889953125840666,-2.6039759212784257,0.006083494621983942,-2.215846871542119,0.0012321516160785184,-2.909335849010124,1.1009506359126023e-99,-98.95823215335466
8.812014023961833,2.455772884010275e+31,61.56821777957265,15731947022.858398,101243.09338571514,5.005365406140726,0.0,2.8625902449942457e-21,0.0,0.0,4.1745753521731046e+23,0.0,0.0,0.0024889953125840666,-2.6039759212784257,0.006083494621983942,-2.215846871542119,0.0012321516160785184,-2.909335849010124,1.1009500544514244e-99,-98.95823238272501
8.823659074209802,2.31551328578394e+31,61.78958205443835,15400312602.406738,98398.15441971681,4.9929869527723,0.0,2.7369523429974623e-21,0.0,0.0,4.174575352173738e+23,0.0,0.0,0.0024889953125840666,-2.6039759212784257,0.006083494621983942,-2.215846871542119,0.0012321516160785184,-2.909335849010124,1.100950621957868e-99,-98.95823215885942
8.834633930414407,2.1822512406727127e+31,62.00625178627535,15073713243.90039,95638.96875470846,4.980634884606491,0.0,2.6164275212798366e-21,0.0,0.0,4.174575352174309e+23,0.0,0.0,0.0024889953125840666,-2.6039759212784257,0.006083494621983942,-2.215846871542119,0.0012321516160785184,-2.909335849010124,1.100946232722355e-99,-98.95823389029452
8.844972583455599,2.0557479756829194e+31,62.218307958508994,14752747902.294434,92966.19870527936,4.968325073455748,0.0,2.500763727878582e-21,0.0,0.0,4.174575352174823e+23,0.0,0.0,0.0024889953125840666,-2.6039759212784257,0.006083494621983942,-2.215846871542119,0.0012321516160785184,-2.909335849010124,1.1003645631770966e-99,-98.958463404346
8.854707813135919,1.9357626789860596e+31,62.42584086812134,14438064521.730957,90380.89888520278,4.956076656301912,0.0,2.389709741136832e-21,0.0,0.0,4.174575352175286e+23,0.0,0.0,0.0024889953125840666,-2.6039759212784257,0.006083494621983942,-2.215846871542119,0.0012321516160785184,-2.909335849010124,1.1009461894777615e-99,-98.95823390735339
8.863871154539813,1.8220478496082607e+31,62.62895017667537,14130314596.103516,87884.46786706254,4.94391212745521,0.0,2.2830162542911367e-21,0.0,0.0,4.174575352175702e+23,0.0,0.0,0.0024889953125840666,-2.6039759212784257,0.006083494621983942,-2.215846871542119,0.0012321516160785184,-2.909335849010124,1.1009506258179105e-99,-98.95823215733672
8.872492874680784,1.7143513430702254e+31,62.82774476821991,13830139733.753906,85478.5806375117,4.931857302139502,0.0,2.1804388789948894e-21,0.0,0.0,4.1745753521760756e+23,0.0,0.0,0.0024889953125840666,-2.6039759212784257,0.006083494621983942,-2.215846871542119,0.0012321516160785184,-2.909335849010124,1.1009506448862502e-99,-98.9582321498148
8.88060196552245,1.6124196271954394e+31,63.02234245887222,13538161338.681152,83165.05299609911,4.919940868606215,0.0,2.0817421902447345e-21,0.0,0.0,4.174575352176411e+23,0.0,0.0,0.0024889953125840666,-2.6039759212784257,0.006083494621983942,-2.215846871542119,0.0012321516160785184,-2.909335849010124,1.100950645161332e-99,-98.95823214970629
8.888226151330363,1.5160006316490774e+31,63.21286955991164,13254970419.3125,80945.62643782534,4.908193388416986,0.0,1.9867034219007876e-21,0.0,0.0,4.1745753521767124e+23,0.0,0.0,0.0024889953125840666,-2.6039759212784257,0.006083494621983942,-2.215846871542119,0.0012321516160785184,-2.909335849010124,1.1009506453685e-99,-98.95823214962456
8.89539190603434,1.424845738438586e+31,63.39945979029761,12981082327.952148,78821.66939719836,4.89664562873199,0.0,1.8951203469125498e-21,0.0,0.0,4.174575352176982e+23,0.0,0.0,0.0024889953125840666,-2.6039759212784257,0.006083494621983942,-2.215846871542119,0.0012321516160785184,-2.909335849010124,1.1009506455668675e-99,-98.95823214954632
8.90212448648758,1.3387129428495719e+31,63.58225300071467,12716923648.714844,76793.84296591966,4.885326401371131,0.0,1.8068154369049043e-21,0.0,0.0,4.174575352177224e+23,0.0,0.0,0.0024889953125840666,-2.6039759212784257,0.006083494621983942,-2.215846871542119,0.0012321516160785184,-2.909335849010124,1.1009506457568371e-99,-98.95823214947137
8.908447983060366,1.2573703002649648e+31,63.76139354703046,12462807807.189453,74861.78681544687,4.874260188725875,0.0,1.721642100972575e-21,0.0,0.0,4.1745753521774405e+23,0.0,0.0,0.0024889953125840666,-2.6039759212784257,0.006083494621983942,-2.215846871542119,0.0012321516160785184,-2.909335849010124,1.1009506459386167e-99,-98.95823214939968
8.914385386356674,1.18059913206958e+31,63.93702882141387,12218946038.853516,73023.8617625577,4.863464796263966,0.0,1.639485674213727e-21,0.0,0.0,4.174575352177634e+23,0.0,0.0,0.0024889953125840666,-2.6039759212784257,0.006083494621983942,-2.215846871542119,0.0012321516160785184,-2.909335849010124,1.1009506461123601e-99,-98.95823214933114
8.919958651767466,1.1081935954840176e+31,64.10930748246824,11985426449.552734,71277.03752808333,4.8529496409173865,0.0,1.5602640400636145e-21,0.0,0.0,4.174575352177807e+23,0.0,0.0,0.0024889953125840666,-2.6039759212784257,0.006083494621983942,-2.215846871542119,0.0012321516160785184,-2.909335849010124,1.1009506462781623e-99,-98.95823214926573
8.925188744026334,1.039956707219492e+31,64.2783775554705,11762204978.767578,69616.9133302293,4.842714763657169,0.0,1.483921061979152e-21,0.0,0.0,4.174575352177961e+23,0.0,0.0,0.0024889953125840666,-2.6039759212784257,0.006083494621983942,-2.215846871542119,0.0012321516160785184,-2.909335849010124,1.1009506464360555e-99,-98.95823214920344
8.93009565850114,9.756957176372088e+30,64.44438367362278,11549045639.853516,68037.88048687772,4.832750776028263,0.0,1.41042454176038e-21,0.0,0.0,4.174575352178099e+23,0.0,0.0,0.0024889953125840666,-2.6039759212784257,0.006083494621983942,-2.215846871542119,0.0012321516160785184,-2.909335849010124,1.1009506465860103e-99,-98.9582321491443
8.934698419274747,9.152174954708071e+30,64.60746455384414,11345536837.0,66533.39244024595,4.823039668050246,0.0,1.3397531750522612e-21,0.0,0.0,4.174575352178222e+23,0.0,0.0,0.0024889953125840666,-2.6039759212784257,0.006083494621983942,-2.215846871542119,0.0012321516160785184,-2.909335849010124,1.1009506467279446e-99,-98.9582321490883
8.939015079619365,8.583290037688173e+30,64.76774996491895,11151056048.47461,65096.24929323087,4.813555966169123,0.0,1.2718968687075171e-21,0.0,0.0,4.174575352178331e+23,0.0,0.0,0.0024889953125840666,-2.6039759212784257,0.006083494621983942,-2.215846871542119,0.0012321516160785184,-2.909335849010124,1.1009506468617289e-99,-98.95823214903552
8.94306272792561,8.048383845253358e+30,64.92535901241517,10964861434.3125,63718.890595429366,4.804268205728002,0.0,1.2068432790583921e-21,0.0,0.0,4.1745753521784284e+23,0.0,0.0,0.0024889953125840666,-2.6039759212784257,0.006083494621983942,-2.215846871542119,0.0012321516160785184,-2.909335849010124,1.1009506469872e-99,-98.95823214898603
8.946857510118015,7.545582368524729e+30,65.0803984561924,10786094103.581055,62393.61656942112,4.7951401597066825,0.0,1.1445796809833331e-21,0.0,0.0,4.174575352178515e+23,0.0,0.0,0.0024889953125840666,-2.6039759212784257,0.006083494621983942,-2.215846871542119,0.0012321516160785184,-2.909335849010124,1.1009506471041704e-99,-98.95823214893989
8.950414661082593,7.073074089530533e+30,65.23296195732033,10613842773.470703,61112.743522536526,4.786131780855375,0.0,1.085086806129846e-21,0.0,0.0,4.1745753521785915e+23,0.0,0.0,0.0024889953125840666,-2.6039759212784257,0.006083494621983942,-2.215846871542119,0.0012321516160785184,-2.909335849010124,1.1009506472124402e-99,-98.95823214889718
8.953748542604005,6.629122924912573e+30,65.38312980355884,10447177062.813477,59868.70485301167,4.777199863101852,0.0,1.0283369503991926e-21,0.0,0.0,4.17457535217866e+23,0.0,0.0,0.0024889953125840666,-2.6039759212784257,0.006083494621983942,-2.215846871542119,0.0012321516160785184,-2.909335849010124,1.1009506473118028e-99,-98.95823214885799
8.956872684936963,6.212075452318641e+30,65.53096831813177,10285125458.83789,58654.0698915243,4.768298152344246,0.0,9.742975669858856e-22,0.0,0.0,4.17457535217872e+23,0.0,0.0,0.0024889953125840666,-2.6039759212784257,0.006083494621983942,-2.215846871542119,0.0012321516160785184,-2.909335849010124,1.1009506474004872e-99,-98.958232148823
8.959799824022276,5.820352250144471e+30,65.67652981355381,10126713236.511719,57461.55973632727,4.7593774103034505,0.0,9.229266692047113e-22,0.0,0.0,4.174575352178774e+23,0.0,0.0,0.0024889953125840666,-2.6039759212784257,0.006083494621983942,-2.215846871542119,0.0012321516160785184,-2.909335849010124,1.1009506470436884e-99,-98.95823214896375
8.962541941838564,5.452454132522643e+30,65.81985215187187,9970935076.78711,56284.00627503629,4.750385002785753,0.0,8.741772910274991e-22,0.0,0.0,4.1745753521788216e+23,0.0,0.0,0.0024889953125840666,-2.6039759212784257,0.006083494621983942,-2.215846871542119,0.0012321516160785184,-2.909335849010124,1.1009505530130196e-99,-98.95823218605624
8.965110295811636,5.106940391500438e+30,65.96095762660002,9816707876.83789,55114.36049133471,4.741264772528093,0.0,8.279987549380049e-22,0.0,0.0,4.174575352178864e+23,0.0,0.0,0.0024889953125840666,-2.6039759212784257,0.006083494621983942,-2.215846871542119,0.0012321516160785184,-2.909335849010124,1.1009365147492235e-99,-98.95823772379757
8.967515451428536,4.782435169208185e+30,66.09985269416366,9662929850.402344,53945.70090838759,4.731956840193003,0.0,7.843329551160907e-22,0.0,0.0,4.1745753521789015e+23,0.0,0.0,0.0024889953125840666,-2.6039759212784257,0.006083494621983942,-2.215846871542119,0.0012321516160785184,-2.909335849010124,1.0998453546589654e-99,-98.95866837515061
8.969767310392584,4.4776185915339514e+30,66.23652632736793,9508384662.020508,52771.34409733228,4.722398155890608,0.0,7.431216467544742e-22,0.0,0.0,4.174575352178935e+23,0.0,0.0,0.0024889953125840666,-2.6039759212784257,0.006083494621983942,-2.215846871542119,0.0012321516160785184,-2.909335849010124,1.100933696289737e-99,-98.95823883561732
8.971875150971375,4.1912510127240667e+30,66.37095084901813,9351913971.205078,51585.064832166194,4.71252398069982,0.0,7.042974152506593e-22,0.0,0.0,4.1745753521789646e+23,0.0,0.0,0.0024889953125840666,-2.6039759212784257,0.006083494621983942,-2.215846871542119,0.0012321516160785184,-2.909335849010124,1.1009505019431063e-99,-98.95823220620191
8.973847689735463,3.9222155488478283e+30,66.5030839589581,9192500458.523438,50381.44925384439,4.70227065609371,0.0,6.67787658129381e-22,0.0,0.0,4.174575352178991e+23,0.0,0.0,0.0024889953125840666,-2.6039759212784257,0.006083494621983942,-2.215846871542119,0.0012321516160785184,-2.909335849010124,1.100950618185601e-99,-98.95823216034746
8.975693149624941,3.6695306602171393e+30,66.63287396172925,9029490492.789062,49156.44720078123,4.691580486564829,0.0,6.3350531558477295e-22,0.0,0.0,4.174575352179014e+23,0.0,0.0,0.0024889953125840666,-2.6039759212784257,0.006083494621983942,-2.215846871542119,0.0012321516160785184,-2.909335849010124,1.1009488835002353e-99,-98.95823284463327
8.97741932243542,3.432339054887854e+30,66.7602663877376,8862691077.401367,47907.97097932687,4.680407777805712,0.0,6.013470477151013e-22,0.0,0.0,4.174575352179035e+23,0.0,0.0,0.0024889953125840666,-2.6039759212784257,0.006083494621983942,-2.215846871542119,0.0012321516160785184,-2.909335849010124,1.1009506179965481e-99,-98.95823216042204
8.979033594995137,3.2098354917365214e+30,66.88521054022878,8692364688.811523,46636.51022788666,4.668726045064087,0.0,5.711876014063577e-22,0.0,0.0,4.174575352179053e+23,0.0,0.0,0.0024889953125840666,-2.6039759212784257,0.006083494621983942,-2.215846871542119,0.0012321516160785184,-2.909335849010124,1.100950611135287e-99,-98.95823216312861
8.980542958145369,3.001232586392044e+30,67.00766556201592,8519195865.730469,45345.39541323994,4.6565331933112235,0.0,5.428806510156321e-22,0.0,0.0,4.174575352179069e+23,0.0,0.0,0.0024889953125840666,-2.6039759212784257,0.006083494621983942,-2.215846871542119,0.0012321516160785184,-2.909335849010124,1.1009484741109942e-99,-98.95823300612625
8.981954009774036,2.8057489865049714e+30,67.12760566380753,8344232881.642578,44040.56957339694,4.643852927034132,0.0,5.162633742844337e-22,0.0,0.0,4.174575352179084e+23,0.0,0.0,0.0024889953125840666,-2.6039759212784257,0.006083494621983942,-2.215846871542119,0.0012321516160785184,-2.909335849010124,1.1009458307709139e-99,-98.95823404885388
8.983272962550132,2.6226187189747165e+30,67.24502400951245,8168794310.691406,42729.814262550484,4.6307310050352,0.0,4.911655319196053e-22,0.0,0.0,4.174575352179097e+23,0.0,0.0,0.0024889953125840666,-2.6039759212784257,0.006083494621983942,-2.215846871542119,0.0012321516160785184,-2.909335849010124,1.1009504522417973e-99,-98.95823222580769
8.98450565821362,2.4511042248449262e+30,67.35993461532104,7994330846.103516,41421.60743495964,4.617226948410339,0.0,4.674207167131567e-22,0.0,0.0,4.174575352179108e+23,0.0,0.0,0.0024889953125840666,-2.6039759212784257,0.006083494621983942,-2.215846871542119,0.0012321516160785184,-2.909335849010124,1.1009453684115336e-99,-98.95823423124266
8.985657584379338,2.290501358229126e+30,67.47237201158502,7822269658.084961,40124.083880769176,4.603405129647975,0.0,4.44875955477427e-22,0.0,0.0,4.174575352179118e+23,0.0,0.0,0.0024889953125840666,-2.6039759212784257,0.006083494621983942,-2.215846871542119,0.0012321516160785184,-2.909335849010124,1.1009505224267681e-99,-98.95823219812166
8.986733893029472,2.1401427438443596e+30,67.58238949754632,7653916498.327148,38844.32025268516,4.589327526013493,0.0,4.2339671790112694e-22,0.0,0.0,4.1745753521791277e+23,0.0,0.0,0.0024889953125840666,-2.6039759212784257,0.006083494621983942,-2.215846871542119,0.0012321516160785184,-2.909335849010124,1.100950141868174e-99,-98.95823234824152
8.987739419241644,1.9993982455277123e+30,67.69005671412317,7490408257.251953,37588.07100727602,4.57505003860576,0.0,4.0286820314544546e-22,0.0,0.0,4.174575352179136e+23,0.0,0.0,0.0024889953125840666,-2.6039759212784257,0.006083494621983942,-2.215846871542119,0.0012321516160785184,-2.909335849010124,1.1009095462006872e-99,-98.95824836240853
8.988678699274978,1.867673689633362e+30,67.79545738463658,7332724647.618164,36359.86548538182,4.560622267864988,0.0,3.8319312194823456e-22,0.0,0.0,4.174575352179143e+23,0.0,0.0,0.0024889953125840666,-2.6039759212784257,0.006083494621983942,-2.215846871542119,0.0012321516160785184,-2.909335849010124,1.0991942483558716e-99,-98.958925552768
8.989555987893349,1.7444093482161212e+30,67.8986877489436,7181736444.838867,35163.29520987582,4.546089566754656,0.0,3.64287921016383e-22,0.0,0.0,4.174575352179149e+23,0.0,0.0,0.0024889953125840666,-2.6039759212784257,0.006083494621983942,-2.215846871542119,0.0012321516160785184,-2.909335849010124,1.1009090582173122e-99,-98.95824855491165
8.99037527502046,1.6290786104857176e+30,67.9998559345129,7038270670.056641,34001.383688378395,4.53149659104225,0.0,3.4607879827056965e-22,0.0,0.0,4.1745753521791545e+23,0.0,0.0,0.0024889953125840666,-2.6039759212784257,0.006083494621983942,-2.215846871542119,0.0012321516160785184,-2.909335849010124,1.1009501017245867e-99,-98.95823236407706
8.991140301490619,1.5211861846078526e+30,68.09908235653307,6903182179.943359,32876.95716644837,4.516891615833581,0.0,3.2849800719777593e-22,0.0,0.0,4.174575352179159e+23,0.0,0.0,0.0024889953125840666,-2.6039759212784257,0.006083494621983942,-2.215846871542119,0.0012321516160785184,-2.909335849010124,1.1009506418756173e-99,-98.9582321510024
8.991854573864858,1.4202662393035664e+30,68.19650114209301,6777424911.405273,31792.95739017984,4.502330927993334,0.0,3.114809083920397e-22,0.0,0.0,4.174575352179164e+23,0.0,0.0,0.0024889953125840666,-2.6039759212784257,0.006083494621983942,-2.215846871542119,0.0012321516160785184,-2.909335849010124,1.1009506469465514e-99,-98.95823214900207
8.992521378494612,1.3258809076323094e+30,68.29226234871079,6662107144.3984375,30752.617008435758,4.487882079589868,0.0,2.949645918267746e-22,0.0,0.0,4.174575352179168e+23,0.0,0.0,0.0024889953125840666,-2.6039759212784257,0.006083494621983942,-2.215846871542119,0.0012321516160785184,-2.909335849010124,1.1009506468480991e-99,-98.95823214904091
8.993143794871427,1.2376188673432509e+30,68.38653427056852,6558497603.642578,29759.33181913588,4.473623175848306,0.0,2.7888930772500153e-22,0.0,0.0,4.174575352179171e+23,0.0,0.0,0.0024889953125840666,-2.6039759212784257,0.006083494621983942,-2.215846871542119,0.0012321516160785184,-2.909335849010124,1.100950646693768e-99,-98.95823214910179
8.993724708181544,1.1550937598578015e+30,68.47950488330461,6467965528.049805,28816.114229784096,4.459635417062999,0.0,2.6320278841841643e-22,0.0,0.0,4.1745753521791746e+23,0.0,0.0,0.0024889953125840666,-2.6039759212784257,0.006083494621983942,-2.215846871542119,0.0012321516160785184,-2.909335849010124,1.1009506465219708e-99,-98.95823214916955
8.994266821088118,1.0779426544623469e+30,68.57138157693505,6391861575.870117,27924.789778132432,4.445989912368105,0.0,2.4786633920559813e-22,0.0,0.0,4.174575352179177e+23,0.0,0.0,0.0024889953125840666,-2.6039759212784257,0.006083494621983942,-2.215846871542119,0.0012321516160785184,-2.909335849010124,1.1009506463307835e-99,-98.95823214924498
8.994772664897841,1.0058248242844796e+30,68.66238880817045,6331373077.045898,27085.189663887042,4.432731881078516,0.0,2.3286051298468436e-22,0.0,0.0,4.1745753521791793e+23,0.0,0.0,0.0024889953125840666,-2.6039759212784257,0.006083494621983942,-2.215846871542119,0.0012321516160785184,-2.909335849010124,1.1009506461176301e-99,-98.95823214932905
8.99524461014234,9.384205825924672e+29,68.75276482177655,6287459266.577148,26294.716874859092,4.4198684989620505,0.0,2.1818592804336867e-22,0.0,0.0,4.1745753521791813e+23,0.0,0.0,0.0024889953125840666,-2.6039759212784257,0.006083494621983942,-2.215846871542119,0.0012321516160785184,-2.909335849010124,1.1009506458795688e-99,-98.95823214942297
8.995684876475957,8.754299234997092e+29,68.84275832027207,6260847690.333008,25548.46697474158,4.407364845590692,0.0,2.0386063531051918e-22,0.0,0.0,4.1745753521791834e+23,0.0,0.0,0.0024889953125840666,-2.6039759212784257,0.006083494621983942,-2.215846871542119,0.0012321516160785184,-2.909335849010124,1.1009506456133066e-99,-98.958232149528
8.996095541953025,8.165712881576674e+29,68.93262691846942,6252158376.589844,24839.699735555394,4.395146341746911,0.0,1.899129259325143e-22,0.0,0.0,4.174575352179185e+23,0.0,0.0,0.0024889953125840666,-2.6039759212784257,0.006083494621983942,-2.215846871542119,0.0012321516160785184,-2.909335849010124,1.1009506453151845e-99,-98.9582321496456
8.996478551866925,7.615806933727806e+29,69.02263739981049,6262029186.8984375,24160.44109629998,4.383104858920135,0.0,1.763752927011387e-22,0.0,0.0,4.174575352179186e+23,0.0,0.0,0.0024889953125840666,-2.6039759212784257,0.006083494621983942,-2.215846871542119,0.0012321516160785184,-2.909335849010124,1.1009506449811195e-99,-98.95823214977737
8.996835727059052,7.10210677594361e+29,69.11306810285673,6291264010.926758,23501.93710744885,4.371103659735762,0.0,1.6327909088410057e-22,0.0,0.0,4.1745753521791874e+23,0.0,0.0,0.0024889953125840666,-2.6039759212784257,0.006083494621983942,-2.215846871542119,0.0012321516160785184,-2.909335849010124,1.1009506446064998e-99,-98.95823214992515
8.997168771655693,6.622291633418118e+29,69.20421374321289,6341002199.577148,22854.92195482607,4.358979742595542,0.0,1.5065042706860134e-22,0.0,0.0,4.174575352179188e+23,0.0,0.0,0.0024889953125840666,-2.6039759212784257,0.006083494621983942,-2.215846871542119,0.0012321516160785184,-2.909335849010124,1.1009506441860144e-99,-98.95823215009102
8.997326747421758,3.1412057257646096e+29,69.25016333570603,3196713149.748047,22362.940164496616,4.3495289017757965,0.0,1.4146106491023796e-22,0.0,0.0,4.174575352179189e+23,0.0,0.0,0.0024889953125840666,-2.6039759212784257,0.006083494621983942,-2.215846871542119,0.0012321516160785184,-2.909335849010124,1.1009506438254155e-99,-98.95823215023327
8.997626554033006,5.961384251077387e+29,69.34299238452557,6458116926.375977,21885.752733868005,4.340161488236926,0.0,1.3261723477825439e-22,0.0,0.0,4.1745753521791894e+23,0.0,0.0,0.0024889953125840666,-2.6039759212784257,0.006083494621983942,-2.215846871542119,0.0012321516160785184,-2.909335849010124,1.1009506434559912e-99,-98.958232150379
8.99776874567824,2.827352709097007e+29,69.38998011776923,3268936601.760742,21381.16277090241,4.330031319734083,0.0,1.240055688459896e-22,0.0,0.0,4.17457535217919e+23,0.0,0.0,0.0024889953125840666,-2.6039759212784257,0.006083494621983942,-2.215846871542119,0.0012321516160785184,-2.909335849010124,1.10095064302428e-99,-98.95823215054929
8.998038563867881,5.3650915157865085e+29,69.4853309411522,6633556782.753906,20886.289574068345,4.319861294904559,0.0,1.1571572850791667e-22,0.0,0.0,4.174575352179191e+23,0.0,0.0,0.0024889953125840666,-2.6039759212784257,0.006083494621983942,-2.215846871542119,0.0012321516160785184,-2.909335849010124,1.1009506425807526e-99,-98.95823215072426
8.99816651698489,2.5442324084759458e+29,69.53382368871543,3373640447.973633,20353.016789022902,4.308628790844864,0.0,1.0767261825376136e-22,0.0,0.0,4.174575352179191e+23,0.0,0.0,0.0024889953125840666,-2.6039759212784257,0.006083494621983942,-2.215846871542119,0.0012321516160785184,-2.909335849010124,1.1009506420577372e-99,-98.95823215093057
8.998290041641111,2.4561764570641248e+29,69.58294811819975,3417586559.2246094,19996.02198845273,4.300943605648988,0.0,1.0246308741455402e-22,0.0,0.0,4.174575352179191e+23,0.0,0.0,0.0024889953125840666,-2.6039759212784257,0.006083494621983942,-2.215846871542119,0.0012321516160785184,-2.909335849010124,1.1009506416908907e-99,-98.95823215107528
8.998409288107204,2.371108502258916e+29,69.63278416083924,3467093486.428711,19631.299258186722,4.292949043460853,0.0,9.736108224232569e-23,0.0,0.0,4.174575352179191e+23,0.0,0.0,0.0024889953125840666,-2.6039759212784257,0.006083494621983942,-2.215846871542119,0.0012321516160785184,-2.909335849010124,1.100950641296395e-99,-98.9582321512309
8.9985244017625,2.2889312843972466e+29,69.6834256874385,3523131005.510742,19259.485597121802,4.2846446833432985,0.0,9.235629924251153e-23,0.0,0.0,4.174575352179191e+23,0.0,0.0,0.0024889953125840666,-2.6039759212784257,0.006083494621983942,-2.215846871542119,0.0012321516160785184,-2.909335849010124,1.1009506408701243e-99,-98.95823215139905
8.998635523260502,2.2095508347324507e+29,69.73498532211927,3587003784.741211,18881.843707947297,4.276044398494567,0.0,8.743541751893503e-23,0.0,0.0,4.174575352179191e+23,0.0,0.0,0.0024889953125840666,-2.6039759212784257,0.006083494621983942,-2.215846871542119,0.0012321516160785184,-2.909335849010124,1.1009506404068042e-99,-98.95823215158181
8.998742788691645,2.1328764207079673e+29,69.78760025465635,3660420856.604492,18500.16171643235,4.267175524740702,0.0,8.258299190498389e-23,0.0,0.0,4.174575352179191e+23,0.0,0.0,0.0024889953125840666,-2.6039759212784257,0.006083494621983942,-2.215846871542119,0.0012321516160785184,-2.909335849010124,1.1009506398997145e-99,-98.95823215178184
8.998846329759584,2.058820815121079e+29,69.8414385347495,3745529146.080078,18116.36749304902,4.258071121824596,0.0,7.778362142783253e-23,0.0,0.0,4.174575352179191e+23,0.0,0.0,0.0024889953125840666,-2.6039759212784257,0.006083494621983942,-2.215846871542119,0.0012321516160785184,-2.909335849010124,1.1009506393403943e-99,-98.95823215200248
8.998946273951969,1.9873001865863142e+29,69.89670702755285,3845029044.3291016,17732.160986430175,4.248761665510272,0.0,7.30225965339658e-23,0.0,0.0,4.174575352179191e+23,0.0,0.0,0.0024889953125840666,-2.6039759212784257,0.006083494621983942,-2.215846871542119,0.0012321516160785184,-2.909335849010124,1.1009506387181998e-99,-98.95823215224793
8.999042744696562,1.9182338078092796e+29,69.95366079992043,3962273943.6123047,17348.66103680137,4.239265961733913,0.0,6.828762410253066e-23,0.0,0.0,4.174575352179191e+23,0.0,0.0,0.0024889953125840666,-2.6039759212784257,0.006083494621983942,-2.215846871542119,0.0012321516160785184,-2.909335849010124,1.100950638019694e-99,-98.95823215252346
8.999112788275799,1.392753443327567e+29,69.99761047392967,3057578820.823242,17012.631184908525,4.230771487082058,0.0,6.41571447648916e-23,0.0,0.0,4.174575352179191e+23,0.0,0.0,0.0024889953125840666,-2.6039759212784257,0.006083494621983942,-2.215846871542119,0.0012321516160785184,-2.909335849010124,1.100950637322088e-99,-98.95823215279866
8.999192333990441,1.5816948416551604e+29,70.05061098365798,3687245461.7978516,16702.875447605915,4.222791242616482,0.0,6.033342929954114e-23,0.0,0.0,4.174575352179191e+23,0.0,0.0,0.0024889953125840666,-2.6039759212784257,0.006083494621983942,-2.215846871542119,0.0012321516160785184,-2.909335849010124,1.1009506364787343e-99,-98.95823215313133
8.999247620446349,1.0993213464679002e+29,70.08968629496825,2718469407.8554688,16414.332729935573,4.215223232627522,0.0,5.680121399648885e-23,0.0,0.0,4.174575352179191e+23,0.0,0.0,0.0024889953125840666,-2.6039759212784257,0.006083494621983942,-2.215846871542119,0.0012321516160785184,-2.909335849010124,1.1009506272213805e-99,-98.9582321567831
8.999301745117128,1.0762202962440268e+29,70.12998254409362,2803410051.6523438,16173.933547161358,4.208815654419434,0.0,5.386074836214017e-23,0.0,0.0,4.174575352179191e+23,0.0,0.0,0.0024889953125840666,-2.6039759212784257,0.006083494621983942,-2.215846871542119,0.0012321516160785184,-2.909335849010124,1.1009503338324663e-99,-98.95823227251691
8.99937036229492,1.3643907362044196e+29,70.1844176978727,3787053648.411133,15896.148377289826,4.201291907897523,0.0,5.047767347605694e-23,0.0,0.0,4.174575352179191e+23,0.0,0.0,0.0024889953125840666,-2.6039759212784257,0.006083494621983942,-2.215846871542119,0.0012321516160785184,-2.909335849010124,1.1009401535198729e-99,-98.95823628838745
8.99941670471575,9.214772701137038e+28,70.22364973673352,2729372943.546875,15624.200456318995,4.193797802253347,0.0,4.7238392099868166e-23,0.0,0.0,4.174575352179191e+23,0.0,0.0,0.0024889953125840666,-2.6039759212784257,0.006083494621983942,-2.215846871542119,0.0012321516160785184,-2.909335849010124,1.1005908877842908e-99,-98.9583740872012
8.999473316378245,1.1256718849981257e+29,70.27473906871214,3554284825.7529297,15371.878726489633,4.186726949522202,0.0,4.4255352496861526e-23,0.0,0.0,4.174575352179191e+23,0.0,0.0,0.0024889953125840666,-2.6039759212784257,0.006083494621983942,-2.215846871542119,0.0012321516160785184,-2.909335849010124,1.0962273212500435e-99,-98.96009937821685
8.999534590948475,1.2183896026478215e+29,70.33469529375616,4171154576.3125,15067.878496393463,4.1780521095031835,0.0,4.075111279559808e-23,0.0,0.0,4.174575352179191e+23,0.0,0.0,0.0024889953125840666,-2.6039759212784257,0.006083494621983942,-2.215846871542119,0.0012321516160785184,-2.909335849010124,1.100723641565667e-99,-98.95832170555923
8.999566974874966,6.43925190899856e+28,70.36871267711908,2366589360.557617,14809.736784975059,4.170547339827844,0.0,3.790819370968257e-23,0.0,0.0,4.174575352179191e+23,0.0,0.0,0.0024889953125840666,-2.6039759212784257,0.006083494621983942,-2.215846871542119,0.0012321516160785184,-2.909335849010124,1.10093966278492e-99,-98.95823648197067
8.99960006823125,6.5803156289164696e+28,70.40541447922409,2553344372.446289,14621.646583880709,4.164996282473213,0.0,3.586865102862883e-23,0.0,0.0,4.174575352179191e+23,0.0,0.0,0.0024889953125840666,-2.6039759212784257,0.006083494621983942,-2.215846871542119,0.0012321516160785184,-2.909335849010124,1.1009498070590246e-99,-98.95823248031452
8.99963496630226,6.939166886677301e+28,70.44654900035232,2861728634.890625,14416.761730163867,4.158867720809458,0.0,3.3710835314509824e-23,0.0,0.0,4.174575352179191e+23,0.0,0.0,0.0024889953125840666,-2.6039759212784257,0.006083494621983942,-2.215846871542119,0.0012321516160785184,-2.909335849010124,1.1009439985779592e-99,-98.95823477160693
8.999671536523449,7.271658878600479e+28,70.49277413634897,3215882711.2871094,14188.648138343966,4.151941018852423,0.0,3.139624541569414e-23,0.0,0.0,4.174575352179191e+23,0.0,0.0,0.0024889953125840666,-2.6039759212784257,0.006083494621983942,-2.215846871542119,0.0012321516160785184,-2.909335849010124,1.1008632824290784e-99,-98.95826661324755
8.999696356899356,4.935308044851209e+28,70.52626822464488,2330183722.7460938,13978.576624938602,4.145462951423526,0.0,2.9374502072310174e-23,0.0,0.0,4.174575352179191e+23,0.0,0.0,0.0024889953125840666,-2.6039759212784257,0.006083494621983942,-2.215846871542119,0.0012321516160785184,-2.909335849010124,1.1009221762722473e-99,-98.95824338003831
8.999716416399155,3.988650740000378e+28,70.55477572915814,1983267088.9873047,13816.491923409767,4.140397787487827,0.0,2.786789636917618e-23,0.0,0.0,4.174575352179191e+23,0.0,0.0,0.0024889953125840666,-2.6039759212784257,0.006083494621983942,-2.215846871542119,0.0012321516160785184,-2.909335849010124,1.100783951611594e-99,-98.958297910665
8.999742850328907,5.256148683836883e+28,70.59457854487002,2769081889.076172,13640.229088002785,4.134821664368847,0.0,2.6276354651933116e-23,0.0,0.0,4.174575352179191e+23,0.0,0.0,0.0024889953125840666,-2.6039759212784257,0.006083494621983942,-2.215846871542119,0.0012321516160785184,-2.909335849010124,1.1009322980942298e-99,-98.9582393871755
8.999760279942949,3.465721660482934e+28,70.62240395270337,1935813622.9658203,13461.57706355858,4.129095941751251,0.0,2.4759500790838246e-23,0.0,0.0,4.174575352179191e+23,0.0,0.0,0.0024889953125840666,-2.6039759212784257,0.006083494621983942,-2.215846871542119,0.0012321516160785184,-2.909335849010124,1.1009489013340418e-99,-98.95823283759832
8.99977970205839,3.861912605527887e+28,70.65510075039273,2274716215.2490234,13303.310725635165,4.12395973502325,0.0,2.3459026976199327e-23,0.0,0.0,4.174575352179191e+23,0.0,0.0,0.0024889953125840666,-2.6039759212784257,0.006083494621983942,-2.215846871542119,0.0012321516160785184,-2.909335849010124,1.100944235084767e-99,-98.958234678311
8.999794681841127,2.9785947852968885e+28,70.68168858141765,1849715404.4033203,13145.540559102,4.118778449476862,0.0,2.2231680457416378e-23,0.0,0.0,4.174575352179191e+23,0.0,0.0,0.0024889953125840666,-2.6039759212784257,0.006083494621983942,-2.215846871542119,0.0012321516160785184,-2.909335849010124,1.1008288000586132e-99,-98.95828021687844
8.999811656469136,3.375251788467111e+28,70.71344945169444,2209603745.1572266,12990.521383707235,4.1136265821371465,0.0,2.1071460215038974e-23,0.0,0.0,4.174575352179191e+23,0.0,0.0,0.0024889953125840666,-2.6039759212784257,0.006083494621983942,-2.215846871542119,0.0012321516160785184,-2.909335849010124,1.099581889516604e-99,-98.95877242174578
8.999824303209108,2.514690259194509e+28,70.73837767909697,1734256780.3935547,12836.293184940369,4.108439627958186,0.0,1.9985803115977994e-23,0.0,0.0,4.174575352179191e+23,0.0,0.0,0.0024889953125840666,-2.6039759212784257,0.006083494621983942,-2.215846871542119,0.0012321516160785184,-2.909335849010124,1.0914214710621363e-99,-98.96200750678149
8.999841016629375,3.3233129832468198e+28,70.77320679402803,2423061525.7539062,12674.221885606497,4.102921305980873,0.0,1.888800716019468e-23,0.0,0.0,4.174575352179191e+23,0.0,0.0,0.0024889953125840666,-2.6039759212784257,0.006083494621983942,-2.215846871542119,0.0012321516160785184,-2.909335849010124,1.0997660947545293e-99,-98.95869967353211
8.999849299214423,1.6469173863921002e+28,70.79135380767269,1262487739.258789,12523.805978933306,4.097736330828354,0.0,1.7951270847187495e-23,0.0,0.0,4.174575352179191e+23,0.0,0.0,0.0024889953125840666,-2.6039759212784257,0.006083494621983942,-2.215846871542119,0.0012321516160785184,-2.909335849010124,1.1008062149445384e-99,-98.95828912715679
8.999861686144547,2.463029412711185e+28,70.8197286699267,1974039167.0117188,12393.390724506145,4.093190141846821,0.0,1.7158361510771063e-23,0.0,0.0,4.174575352179191e+23,0.0,0.0,0.0024889953125840666,-2.6039759212784257,0.006083494621983942,-2.215846871542119,0.0012321516160785184,-2.909335849010124,1.1009402906660922e-99,-98.95823623428656
8.999869894834701,1.6322240526381566e+28,70.83942821715111,1370497500.4023438,12252.927135671496,4.088239850905689,0.0,1.6366865681449452e-23,0.0,0.0,4.174575352179191e+23,0.0,0.0,0.0024889953125840666,-2.6039759212784257,0.006083494621983942,-2.215846871542119,0.0012321516160785184,-2.909335849010124,1.1009498437214838e-99,-98.95823246585219
8.999880100380173,2.029280735466308e+28,70.86503108391877,1781191441.0253906,12119.997102293279,4.0835025159970835,0.0,1.564641604868441e-23,0.0,0.0,4.174575352179191e+23,0.0,0.0,0.0024889953125840666,-2.6039759212784257,0.006083494621983942,-2.215846871542119,0.0012321516160785184,-2.909335849010124,1.1009505643352882e-99,-98.95823218158992
8.999894299668952,2.8234005963844303e+28,70.90297149565691,2639514444.623047,11929.526607339878,4.076623210149872,0.0,1.4677038361785156e-23,0.0,0.0,4.174575352179191e+23,0.0,0.0,0.0024889953125840666,-2.6039759212784257,0.006083494621983942,-2.215846871542119,0.0012321516160785184,-2.909335849010124,1.1009506024230197e-99,-98.95823216656537
8.999902360911856,1.602905495611438e+28,70.92586597181125,1592768706.0566406,11732.758598570645,4.069400135157669,0.0,1.3796502088166095e-23,0.0,0.0,4.174575352179191e+23,0.0,0.0,0.0024889953125840666,-2.6039759212784257,0.006083494621983942,-2.215846871542119,0.0012321516160785184,-2.909335849010124,1.1009506006314465e-99,-98.95823216727209
8.999914379010077,2.3896905132565226e+28,70.96212310382624,2522408674.283203,11540.218409530553,4.062214028330658,0.0,1.2977004669348537e-23,0.0,0.0,4.174575352179191e+23,0.0,0.0,0.0024889953125840666,-2.6039759212784257,0.006083494621983942,-2.215846871542119,0.0012321516160785184,-2.909335849010124,1.100950597894098e-99,-98.9582321683519
8.99991937118306,9.926486034067533e+27,70.97800759922596,1105084344.9589844,11352.508599047187,4.05509183953291,0.0,1.2294943973647041e-23,0.0,0.0,4.174575352179191e+23,0.0,0.0,0.0024889953125840666,-2.6039759212784257,0.006083494621983942,-2.215846871542119,0.0012321516160785184,-2.909335849010124,1.1009505951029238e-99,-98.95823216945294
8.99992632318257,1.3823424449465898e+28,71.00104186121156,1602493606.3378906,11211.599363425947,4.049667570236831,0.0,1.1800643325852419e-23,0.0,0.0,4.174575352179191e+23,0.0,0.0,0.0024889953125840666,-2.6039759212784257,0.006083494621983942,-2.215846871542119,0.0012321516160785184,-2.909335849010124,1.1009505929673533e-99,-98.95823217029536
8.999932258226153,1.180129924353805e+28,71.0216194768943,1431584723.0478516,11042.873003893688,4.043082077687896,0.0,1.1270165583780843e-23,0.0,0.0,4.174575352179191e+23,0.0,0.0,0.0024889953125840666,-2.6039759212784257,0.006083494621983942,-2.215846871542119,0.0012321516160785184,-2.909335849010124,1.1009505899737912e-99,-98.95823217147624
8.999937204095804,9.834416036281717e+27,71.03946896960024,1241789207.5527344,10885.261521450364,4.036838867548764,0.0,1.0821352666582672e-23,0.0,0.0,4.174575352179191e+23,0.0,0.0,0.0024889953125840666,-2.6039759212784257,0.006083494621983942,-2.215846871542119,0.0012321516160785184,-2.909335849010124,1.1009505802519858e-99,-98.95823217531122
8.999941132791614,7.811857523990704e+27,71.05413674611296,1020437211.9892578,10743.878314197309,4.031161080843467,0.0,1.0455594968084946e-23,0.0,0.0,4.174575352179191e+23,0.0,0.0,0.0024889953125840666,-2.6039759212784257,0.006083494621983942,-2.215846871542119,0.0012321516160785184,-2.909335849010124,1.1009504916709547e-99,-98.95823221025398
8.999946031994744,9.741623861223944e+27,71.07308408335166,1318166251.6972656,10590.832724565002,4.0249301086877995,0.0,1.0088697955844017e-23,0.0,0.0,4.174575352179191e+23,0.0,0.0,0.0024889953125840666,-2.6039759212784257,0.006083494621983942,-2.215846871542119,0.0012321516160785184,-2.909335849010124,1.100949666897934e-99,-98.95823253560422
8.9999519110385,1.1689948633468738e+28,71.09685650658534,1653847484.3671875,10380.273207857894,4.016208784254599,0.0,9.643363699341167e-24,0.0,0.0,4.174575352179191e+23,0.0,0.0,0.0024889953125840666,-2.6039759212784257,0.006083494621983942,-2.215846871542119,0.0012321516160785184,-2.909335849010124,1.10093826659267e-99,-98.95823703273561
8.999956782008006,9.685483848820663e+27,71.11745700206005,1433176470.1748047,10131.368751548376,4.005668122664144,0.0,9.214265277661593e-24,0.0,0.0,4.174575352179191e+23,0.0,0.0,0.0024889953125840666,-2.6039759212784257,0.006083494621983942,-2.215846871542119,0.0012321516160785184,-2.909335849010124,1.1007731738623182e-99,-98.95830216285268
8.99996066372568,7.718445739108122e+27,71.13448860395313,1184888543.7021484,9890.782049791005,3.9952306319895996,0.0,8.876887944934327e-24,0.0,0.0,4.174575352179191e+23,0.0,0.0,0.0024889953125840666,-2.6039759212784257,0.006083494621983942,-2.215846871542119,0.0012321516160785184,-2.909335849010124,1.099426457636952e-99,-98.95883381597181
8.999964060228647,6.753640021719613e+27,71.14984901161534,1068623561.0595703,9654.660943879066,3.984737026661458,0.0,8.608415615778822e-24,0.0,0.0,4.174575352179191e+23,0.0,0.0,0.0024889953125840666,-2.6039759212784257,0.006083494621983942,-2.215846871542119,0.0012321516160785184,-2.909335849010124,1.0939096413655703e-99,-98.96101854991942
8.999966971516901,5.788834304331095e+27,71.16334695619186,939052004.1884766,9410.780744828491,3.973625655213141,0.0,8.393345473058064e-24,0.0,0.0,4.174575352179191e+23,0.0,0.0,0.0024889953125840666,-2.6039759212784257,0.006083494621983942,-2.215846871542119,0.0012321516160785184,-2.909335849010124,1.0852043056220324e-99,-98.96448849181407
8.999969878088539,5.779455734239846e+27,71.17710903307142,957427688.5107422,9140.750175834206,3.9609818394817413,0.0,8.215767910313343e-24,0.0,0.0,4.174575352179191e+23,0.0,0.0,0.0024889953125840666,-2.6039759212784257,0.006083494621983942,-2.215846871542119,0.0012321516160785184,-2.909335849010124,1.0927701188471431e-99,-98.96147118902603
8.999971800080903,3.8217085891890397e+27,71.1863284178723,641392600.5976562,8859.301497602364,3.9473994817408364,0.0,8.107013202465432e-24,0.0,0.0,4.174575352179191e+23,0.0,0.0,0.0024889953125840666,-2.6039759212784257,0.006083494621983942,-2.215846871542119,0.0012321516160785184,-2.909335849010124,1.0977526412740107e-99,-98.95949550927767
8.999973241575177,2.86628144189178e+27,71.19328437894309,483926211.6953125,8622.52200538141,3.9356343113958823,0.0,8.056912735440548e-24,0.0,0.0,4.174575352179191e+23,0.0,0.0,0.0024889953125840666,-2.6039759212784257,0.006083494621983942,-2.215846871542119,0.0012321516160785184,-2.909335849010124,1.0996007820728804e-99,-98.95876495994368
8.999973962322315,1.43314072094589e+27,71.19676614486518,242226455.19921875,8441.724742530827,3.9264311871042343,0.0,8.046981263446553e-24,0.0,0.0,4.174575352179191e+23,0.0,0.0,0.0024889953125840666,-2.6039759212784257,0.006083494621983942,-2.215846871542119,0.0012321516160785184,-2.909335849010124,1.1002146730792362e-99,-98.95852256735311
8.999974683069452,1.43314072094589e+27,71.20024675584622,242146105.95117188,8308.619807599378,3.9195288866329068,0.0,8.048870726265875e-24,0.0,0.0,4.174575352179191e+23,0.0,0.0,0.0024889953125840666,-2.6039759212784257,0.006083494621983942,-2.215846871542119,0.0012321516160785184,-2.909335849010124,1.10049085422044e-99,-98.95841356235924
8.999975644065634,1.910854294594535e+27,71.2048774611931,322158170.9824219,8135.420880122284,3.9103800257653694,0.0,8.065532826641852e-24,0.0,0.0,4.174575352179191e+23,0.0,0.0,0.0024889953125840666,-2.6039759212784257,0.006083494621983942,-2.215846871542119,0.0012321516160785184,-2.909335849010124,1.1006995670570921e-99,-98.95833120434727
8.999976124563725,9.554271472972599e+26,71.20718079668887,160243050.4404297,7959.461401513938,3.90088368102104,0.0,8.106835430297431e-24,0.0,0.0,4.174575352179191e+23,0.0,0.0,0.0024889953125840666,-2.6039759212784257,0.006083494621983942,-2.215846871542119,0.0012321516160785184,-2.909335849010124,1.1007948520758924e-99,-98.95829361010443
8.999976845310862,1.43314072094589e+27,71.21061535289888,238942075.53125,7797.840013962601,3.891974320648584,0.0,8.154452675471965e-24,0.0,0.0,4.174575352179191e+23,0.0,0.0,0.0024889953125840666,-2.6039759212784257,0.006083494621983942,-2.215846871542119,0.0012321516160785184,-2.909335849010124,1.1008503878416996e-99,-98.95827170023793
8.999977325808953,9.554271472972599e+26,71.21288304158799,157763102.10058594,7607.600232382086,3.8812476830260882,0.0,8.2329755210356e-24,0.0,0.0,4.174575352179191e+23,0.0,0.0,0.0024889953125840666,-2.6039759212784257,0.006083494621983942,-2.215846871542119,0.0012321516160785184,-2.909335849010124,1.100880809739276e-99,-98.95825969871635
8.999978046556091,1.43314072094589e+27,71.21624146270469,233645357.0888672,7393.175513302742,3.8688310164307236,0.0,8.338023146477687e-24,0.0,0.0,4.174575352179191e+23,0.0,0.0,0.0024889953125840666,-2.6039759212784257,0.006083494621983942,-2.215846871542119,0.0012321516160785184,-2.909335849010124,1.1008989365682734e-99,-98.95825254779054
8.999978767303228,1.4331407209458976e+27,71.2195258400239,228494130.09765625,7086.388121911398,3.8504249349839412,0.0,8.52523592735468e-24,0.0,0.0,4.174575352179191e+23,0.0,0.0,0.0024889953125840666,-2.6039759212784257,0.006083494621983942,-2.215846871542119,0.0012321516160785184,-2.909335849010124,1.1009031224076474e-99,-98.95825089651863
8.999979127676795,7.165703604729488e+26,71.22113422558668,111895383.60253906,6829.654725634401,3.834398748404512,0.0,8.703843866395307e-24,0.0,0.0,4.174575352179191e+23,0.0,0.0,0.0024889953125840666,-2.6039759212784257,0.006083494621983942,-2.215846871542119,0.0012321516160785184,-2.909335849010124,1.1008908575386598e-99,-98.95825573490494
8.999979488050363,7.165703604729488e+26,71.22272082564872,110379766.31640625,6661.36434624061,3.823563188233408,0.0,8.822983585397465e-24,0.0,0.0,4.174575352179191e+23,0.0,0.0,0.0024889953125840666,-2.6039759212784257,0.006083494621983942,-2.215846871542119,0.0012321516160785184,-2.909335849010124,1.1008735026157702e-99,-98.95826258136624
8.999979968548455,9.554271472972599e+26,71.2248068501696,145124725.9169922,6479.0859826480755,3.8115137434183657,0.0,8.947078841089704e-24,0.0,0.0,4.174575352179191e+23,0.0,0.0,0.0024889953125840666,-2.6039759212784257,0.006083494621983942,-2.215846871542119,0.0012321516160785184,-2.909335849010124,1.1008351403238925e-99,-98.95827771555008
8.999980449046546,9.554271472972599e+26,71.22686941495806,143492632.3330078,6302.662305849691,3.7995240384226263,0.0,9.048351498310333e-24,0.0,0.0,4.174575352179191e+23,0.0,0.0,0.0024889953125840666,-2.6039759212784257,0.006083494621983942,-2.215846871542119,0.0012321516160785184,-2.909335849010124,1.10074000123472e-99,-98.95831525084077
8.999981169793683,1.43314072094589e+27,71.22993739038816,213439050.671875,6119.6700394423915,3.786728006473572,0.0,9.124050289818674e-24,0.0,0.0,4.174575352179191e+23,0.0,0.0,0.0024889953125840666,-2.6039759212784257,0.006083494621983942,-2.215846871542119,0.0012321516160785184,-2.909335849010124,1.10052601142488e-99,-98.95839968824485
8.999982130789865,1.9108542945945199e+27,71.23401701888702,283819754.6660156,5919.448758949906,3.7722812654910176,0.0,9.147862425223102e-24,0.0,0.0,4.174575352179191e+23,0.0,0.0,0.0024889953125840666,-2.6039759212784257,0.006083494621983942,-2.215846871542119,0.0012321516160785184,-2.909335849010124,1.100481795225541e-99,-98.95841713738912
8.999982851537002,1.4331407209458937e+27,71.23709330749645,214017398.55859375,5765.726564728532,3.7608540424494556,0.0,9.097929105294233e-24,0.0,0.0,4.174575352179191e+23,0.0,0.0,0.0024889953125840666,-2.6039759212784257,0.006083494621983942,-2.215846871542119,0.0012321516160785184,-2.909335849010124,1.1008701660860075e-99,-98.95826389762888
8.999983812533186,1.9108542945945237e+27,71.2412348056563,288124026.98046875,5633.629709396613,3.750788298018815,0.0,9.010056353200023e-24,0.0,0.0,4.174575352179191e+23,0.0,0.0,0.0024889953125840666,-2.6039759212784257,0.006083494621983942,-2.215846871542119,0.0012321516160785184,-2.909335849010124,1.1009393696851845e-99,-98.95823659759155
8.999985725183219,3.803132207778616e+27,71.2496757116855,587233832.4511719,5439.552123635383,3.735563142668547,0.0,8.798421682733973e-24,0.0,0.0,4.174575352179191e+23,0.0,0.0,0.0024889953125840666,-2.6039759212784257,0.006083494621983942,-2.215846871542119,0.0012321516160785184,-2.909335849010124,1.1007379056907722e-99,-98.9583160776337
8.999986676837072,1.8922779131840926e+27,71.25401918517456,302175450.63378906,5285.556945315686,3.7230907561719935,0.0,8.514092456300181e-24,0.0,0.0,4.174575352179191e+23,0.0,0.0,0.0024889953125840666,-2.6039759212784257,0.006083494621983942,-2.215846871542119,0.0012321516160785184,-2.909335849010124,1.1009491378374503e-99,-98.95823274430414
8.999987152663996,9.461389565920482e+26,71.25623305090669,154018638.984375,5215.282383212386,3.7172778284194505,0.0,8.396310491519663e-24,0.0,0.0,4.174575352179191e+23,0.0,0.0,0.0024889953125840666,-2.6039759212784257,0.006083494621983942,-2.215846871542119,0.0012321516160785184,-2.909335849010124,1.1009441449886449e-99,-98.95823471385162
8.999987628490922,9.461389565920444e+26,71.25847732193849,156133935.6826172,5170.107380441857,3.7134995632581727,0.0,1.3971426030896869e-22,0.0,0.0,4.174575352179191e+23,0.0,0.0,0.0024889953125840666,-2.6039759212784257,0.006083494621983942,-2.215846871542119,0.0012321516160785184,-2.909335849010124,1.0854978874533675e-99,-98.9643710174129
8.999988580144775,1.8922779131840964e+27,71.26306428599067,319115089.11035156,5104.414054931393,3.7079458958225118,0.0,1.4154413550869797e-21,0.0,0.0,4.174575352179191e+23,0.0,0.0,0.002488995312584066,-2.603975921278426,0.00608349462198394,-2.215846871542119,0.0012321516160785182,-2.909335849010124,1.0000177933948882e-99,-98.99999227249553
8.999990483452478,3.784555826368189e+27,71.27268821902655,669537021.3056641,4979.082002326978,3.697149278889407,0.0,5.408563891103593e-21,0.0,0.0,4.174575352179191e+23,0.0,0.0,0.002488995312584066,-2.603975921278426,0.00608349462198394,-2.215846871542119,0.0012321516160785182,-2.909335849010124,1e-99,-98.99999999999999
8.999991435106331,1.8922779131840945e+27,71.2777689441749,353466048.5703125,4860.509171551087,3.6866817669602594,0.0,1.3479374534693906e-16,0.0,0.0,4.1745753521817416e+23,0.0,0.0,0.002488995312584066,-2.603975921278426,0.006083494621983944,-2.2158468715421185,0.0012321516160785184,-2.909335849010124,1.0000000000000002e-99,-98.99999999999999
8.999992862587108,2.8384168697761406e+27,71.28578166570782,557445037.0458984,4762.746538609809,3.6778574700666837,0.0,1.8520475527708095e-16,0.0,0.0,4.174575352186998e+23,0.0,0.0,0.002488995312584066,-2.603975921278426,0.006083494621983943,-2.215846871542119,0.0012321516160785184,-2.909335849010124,1.0000000000000002e-99,-98.99999999999999
8.999994290067887,2.8384168697761406e+27,71.2943480348451,595962300.8808594,4646.039427834777,3.667082891047174,0.0,1.7319319848529506e-16,0.0,0.0,4.174575352191914e+23,0.0,0.0,0.002488995312584066,-2.603975921278426,0.006083494621983943,-2.215846871542119,0.0012321516160785184,-2.909335849010124,1.0000000000000002e-99,-98.99999999999999
8.999996193375592,3.784555826368188e+27,71.30683616137692,868798962.8183594,4511.207200990134,3.6542927748210716,0.0,1.5835662452672395e-16,0.0,0.0,4.174575352197907e+23,0.0,0.0,0.002488995312584066,-2.603975921278426,0.006083494621983941,-2.215846871542119,0.0012321516160785184,-2.909335849010124,1.0000000000000002e-99,-98.99999999999999
8.999997145029443,1.8922779131840945e+27,71.31366418565764,475025649.20996094,4400.302952448664,3.6434825778606053,0.0,1.4477262425189274e-16,0.0,0.0,4.174575352200646e+23,0.0,0.0,0.002488995312584066,-2.603975921278426,0.006083494621983942,-2.215846871542119,0.0012321516160785182,-2.909335849010124,1.0000000000000002e-99,-98.99999999999999
8.999997858769833,1.4192084348880709e+27,71.31909646765564,377923858.60058594,4338.084462319868,3.637298003455572,0.0,1.3645297554918037e-16,0.0,0.0,4.174575352202583e+23,0.0,0.0,0.002488995312584066,-2.603975921278426,0.006083494621983942,-2.215846871542119,0.0012321516160785182,-2.909335849010124,1.0000000000000002e-99,-98.99999999999999
8.999998572510222,1.4192084348880709e+27,71.3248385043745,399473494.53125,4286.764823635867,3.6321296583184695,0.0,1.2907102617408948e-16,0.0,0.0,4.174575352204415e+23,0.0,0.0,0.002488995312584066,-2.603975921278426,0.006083494621983942,-2.215846871542119,0.0012321516160785182,-2.909335849010124,1.0000000000000002e-99,-98.99999999999999
8.99999928625061,1.4192084348880709e+27,71.33093991601207,424475207.62597656,4237.695339927424,3.6271297308211152,0.0,1.214477808344513e-16,0.0,0.0,4.174575352206138e+23,0.0,0.0,0.002488995312584066,-2.603975921278426,0.006083494621983942,-2.215846871542119,0.0012321516160785184,-2.909335849010124,1.0000000000000002e-99,-98.99999999999999
8.999999643120805,7.09604217444035e+26,71.33414547928399,223011036.82714844,4202.712365563028,3.6235296678252342,0.0,1.1556511330424193e-16,0.0,0.0,4.1745753522069584e+23,0.0,0.0,0.002488995312584067,-2.6039759212784257,0.006083494621983944,-2.2158468715421185,0.0012321516160785186,-2.9093358490101235,1.0000000000000004e-99,-98.99999999999999
8.999999821555903,3.5480210872201765e+26,71.33579072291231,114459599.22167969,4185.695131529984,3.621767592966847,0.0,1.1257455666066286e-16,0.0,0.0,4.174575352207358e+23,0.0,0.0,0.002488995312584066,-2.603975921278426,0.006083494621983944,-2.2158468715421185,0.0012321516160785182,-2.909335849010124,1.0000000000000002e-99,-98.99999999999999
8.99999991077345,1.7740105436100886e+26,71.3366244801525,58004491.20019531,4177.30716069851,3.620896410455895,0.0,1.110670381200108e-16,0.0,0.0,4.174575352207555e+23,0.0,0.0,0.002488995312584066,-2.603975921278426,0.006083494621983942,-2.215846871542119,0.001232151616078518,-2.909335849010124,1.0000000000000002e-99,-98.99999999999999
8.999999955382226,8.87005271805044e+25,71.33704421121902,29200690.298828125,4173.143624603836,3.6204633318239856,0.0,1.1031022790256544e-16,0.0,0.0,4.174575352207653e+23,0.0,0.0,0.0024889953125840658,-2.603975921278426,0.006083494621983943,-2.215846871542119,0.0012321516160785184,-2.909335849010124,1e-99,-98.99999999999999
8.999999977686613,4.4350263590252214e+25,71.3372547986754,14650569.33984375,4171.069506454308,3.620247426963561,0.0,1.0993106126301434e-16,0.0,0.0,4.174575352207702e+23,0.0,0.0,0.002488995312584066,-2.603975921278426,0.006083494621983942,-2.215846871542119,0.0012321516160785184,-2.909335849010124,1.0000000000000002e-99,-98.99999999999999
8.999999988838805,2.21751317951261e+25,71.3373602740014,7337918.4296875,4170.034364636149,3.620139633945066,0.0,1.0974128771606677e-16,0.0,0.0,4.174575352207726e+23,0.0,0.0,0.0024889953125840658,-2.603975921278426,0.006083494621983943,-2.215846871542119,0.0012321516160785184,-2.909335849010124,1e-99,-98.99999999999999
8.999999994414903,1.1087565897563054e+25,71.33741305720433,3672127.427734375,4169.517273643968,3.6200857773890847,0.0,1.0964635340556043e-16,0.0,0.0,4.174575352207738e+23,0.0,0.0,0.002488995312584066,-2.603975921278426,0.006083494621983944,-2.2158468715421185,0.0012321516160785184,-2.909335849010124,1.0000000000000002e-99,-98.99999999999999
8.999999997202952,5.543782948781527e+24,71.33743946020846,1836856.9970703125,4169.258848202746,3.6200588591119893,0.0,1.0959887436853975e-16,0.0,0.0,4.174575352207744e+23,0.0,0.0,0.0024889953125840666,-2.6039759212784257,0.006083494621983942,-2.215846871542119,0.0012321516160785184,-2.909335849010124,1.0000000000000002e-99,-98.99999999999999
8.999999998596975,2.7718914743907623e+24,71.33745266456337,918626.9716796875,4169.129665505325,3.62004540247524,0.0,1.0957513187989981e-16,0.0,0.0,4.1745753522077476e+23,0.0,0.0,0.002488995312584065,-2.603975921278426,0.006083494621983942,-2.215846871542119,0.001232151616078518,-2.909335849010124,1e-99,-98.99999999999999
8.999999999293989,1.3859457371953812e+24,71.33745926745416,459363.1123046875,4169.0650816636,3.620038674782512,0.0,1.095632598930871e-16,0.0,0.0,4.174575352207749e+23,0.0,0.0,0.002488995312584065,-2.603975921278426,0.006083494621983942,-2.215846871542119,0.001232151616078518,-2.909335849010124,1e-99,-98.99999999999999
8.999999999657016,7.218467381225943e+23,71.33746270664872,239264.765625,4169.0323431467905,3.6200352643744846,0.0,1.0955724126648117e-16,0.0,0.0,4.1745753522077496e+23,0.0,0.0,0.0024889953125840658,-2.603975921278426,0.00608349462198394,-2.215846871542119,0.001232151616078518,-2.909335849010124,1e-99,-98.99999999999999
8.999999999809486,3.031756300114896e+23,71.33746415114864,100493.859375,4169.0164228432295,3.6200336059289224,0.0,1.095543143537158e-16,0.0,0.0,4.1745753522077496e+23,0.0,0.0,0.0024889953125840658,-2.603975921278426,0.006083494621983943,-2.215846871542119,0.0012321516160785184,-2.909335849010124,1e-99,-98.99999999999999
8.999999999898428,1.7685245084003558e+23,71.33746499378414,58622.1513671875,4169.008967302922,3.620032829270214,0.0,1.0955294364151393e-16,0.0,0.0,4.1745753522077496e+23,0.0,0.0,0.002488995312584066,-2.603975921278426,0.0060834946219839444,-2.2158468715421185,0.0012321516160785184,-2.909335849010124,1.0000000000000002e-99,-98.99999999999999
8.999999999963773,1.2993241286206703e+23,71.33746561286844,43069.6953125,4169.004202519263,3.6200323329123387,0.0,1.0955206761897228e-16,0.0,0.0,4.1745753522077496e+23,0.0,0.0,0.0024889953125840645,-2.603975921278426,0.006083494621983937,-2.2158468715421193,0.001232151616078518,-2.909335849010124,1e-99,-98.99999999999999
8.999999999991001,5.41385053591946e+22,71.33746587082129,17945.779296875,4169.001343664657,3.620032035098965,0.0,1.0955154200409104e-16,0.0,0.0,4.1745753522077496e+23,0.0,0.0,0.002488995312584066,-2.603975921278426,0.0060834946219839444,-2.2158468715421185,0.0012321516160785182,-2.909335849010124,1.0000000000000002e-99,-98.99999999999999
9.0,1.7895688836282453e+22,71.33746595608868,5932.0517578125,4169.000224884884,3.620031918553081,0.0,1.0955133631004192e-16,0.0,0.0,4.1745753522077496e+23,0.0,0.0,0.0024889953125840666,-2.6039759212784257,0.006083494621983942,-2.215846871542119,0.0012321516160785184,-2.909335849010124,1.0000000000000002e-99,-98.99999999999999
