slice,age (years),time to core O depletion (years),dt (years),core T (K),effective T (K),surface lum_gamma (ergs/s),surface lum_neu (ergs/s),surface lum_a (ergs/s),avg X_c12,avg X_o16,avg X_ne20,avg X_na23
1296.0,10125967.122501224,10700.122559759766,54.39348899770197,3237.5660704582933,3237.5660703828366,1.9273862658356384e+30,2.3919137394401712e+31,4.2254397618426817e-22,0.09386802536200528,0.20305235176203068,0.005466138609409867,9.589617210125896e-10
1297.0,10126024.235664671,10643.009396312758,57.11316344758706,3236.4552563543975,3236.4552562792305,4.4808080556325753e+21,2.4806097245462193e+31,7.238106334835245e+17,0.09386787681968961,0.20305304762343623,0.0054660950195212984,1.96956134296906e-09
1298.0,10126084.20448629,10583.040574694052,59.96882161996642,3235.8911992897692,3235.8911992150597,4.5129657623737695e+21,2.5856947606856692e+31,6.509286595760242e+18,0.09386777604578116,0.2030534859263046,0.005466067006222672,3.0358342592124316e-09
1299.0,10126139.448143633,10527.796917350963,55.24365734290769,3235.3802001455815,3235.3802000711576,2.3662296814017916e+26,2.686596929939981e+31,9.287227052979105e+17,0.09386766851042062,0.20305390358249506,0.005466037041476874,4.021769545593357e-09
1300.0,10126191.37711413,10475.867946853861,51.92897049783374,3234.105500443471,3234.105500369663,6.825380072077813e+21,2.7802238468748747e+31,1.6583589216396321e+18,0.09386762998309554,0.20305409612667694,0.005466024943247596,4.951069504079057e-09
1301.0,10126242.324959023,10424.920101961121,50.94784489355562,3233.642890183064,3233.6428901095555,1.4952460233922482e+22,2.8737615291264363e+31,2.609457275670993e+18,0.09386757548276263,0.20305432565143522,0.005466009771058719,5.865011526991585e-09
1302.0,10126295.820196161,10371.424864822999,53.4952371382334,3233.131399953634,3233.131399880473,1.1029111059496443e+22,2.974531051313978e+31,1.854179391404763e+19,0.0938675459935384,0.20305448922319294,0.005465999618132262,6.826290917809679e-09
1303.0,10126351.990195157,10315.254865827039,56.16999899514507,3232.5506043395417,3232.550604266775,1.0255878320607629e+23,3.086725744197979e+31,4.492916892542215e+18,0.09386752077593258,0.20305465095281539,0.005465989442755603,7.837385078652612e-09
1304.0,10126405.959073422,10261.285987561569,53.9688782650147,3231.9509972278815,3231.9509971553816,2.736966707740967e+22,3.1979960334181823e+31,4.5097298202293217e+18,0.0938675185751436,0.2030547494849697,0.005465984069330872,8.81002806504541e-09
1305.0,10126458.620392816,10208.624668167904,52.6613193929804,3231.3355509153466,3231.335550843237,3.3176779650404964e+22,3.309476742519957e+31,4.2387849569488716e+19,0.09386752647564582,0.20305482455938653,0.005465980474106846,9.75995537624683e-09
1306.0,10126510.808061419,10156.43699956499,52.187668604545905,3230.6885865261806,3230.688586454464,4.012691058344212e+22,3.423440578605685e+31,9.27065846075806e+19,0.09386754163581638,0.20305488698401708,0.0054659778783858375,1.0701754443837509e-08
1307.0,10126562.909053415,10104.336007568985,52.10099199491864,3230.0138476545167,3230.0138475832878,4.8479880503791544e+22,3.5408133526048685e+31,1.595315642107205e+20,0.0938675632626097,0.20305494137774785,0.0054659759578737956,1.1642201058484712e-08
1308.0,10126617.61509501,10049.629965974018,54.706041594664576,3229.265104903676,3229.265104832784,5.909397093759817e+22,3.6682103132831083e+31,2.4803450447553082e+20,0.09386759284969837,0.20305499226103388,0.005465974507796057,1.2629408086494005e-08
1309.0,10126675.056438684,9992.188622299582,57.44134367439781,3228.410561855629,3228.4105617853297,7.273584334500354e+22,3.8070297056542425e+31,3.718179620766314e+20,0.09386763171391482,0.20305504102567196,0.005465973461890431,1.3665764138936532e-08
1310.0,10126729.858960519,9937.386100465432,54.80252183353744,3227.342624052576,3227.3426239827627,8.862588777566135e+22,3.944187153110832e+31,5.464960032952769e+20,0.09386767628324949,0.20305508480294357,0.005465972798970345,1.4654128470609637e-08
1311.0,10126783.395350108,9883.849710876122,53.53638958912761,3226.3118053433964,3226.311805274043,1.0777930752984503e+23,4.085139612847766e+31,7.674330951087344e+20,0.09386772758072937,0.20305512600402315,0.0054659724070758465,1.561913583002773e-08
1312.0,10126836.124751644,9831.120309339836,52.72940153721094,3225.574176304957,3225.5741762360235,1.300572631523138e+23,4.225403213954664e+31,1.0520049545044399e+21,0.09386778635215624,0.20305516586230424,0.005465972224876475,1.6568892289556734e-08
1313.0,10126891.49062326,9775.754437724128,55.36587161407149,3224.843687284323,3224.843687215796,1.583477012945428e+23,4.377747494529325e+31,1.414344581709793e+21,0.09386785822835786,0.20305520759861564,0.005465972224594923,1.756524726078845e-08
1314.0,10126949.624788454,9717.620272530243,58.13416519477506,3223.6161080243396,3223.6161079563954,1.9454847144421688e+23,4.543273538861465e+31,1.9115863140815122e+21,0.09386794642690564,0.20305525198594893,0.005465972409422534,1.8610255823480195e-08
1315.0,10127005.081603585,9662.163457399234,55.45681513071681,3222.841782839421,3222.8417827719963,2.36490385543495e+23,4.706272401319316e+31,2.601094205965871e+21,0.09386804379603214,0.20305529529571822,0.005465972744024262,1.960590695139101e-08
1316.0,10127059.33707501,9607.907985974103,54.25547142303062,3222.0365939233275,3222.036593856405,2.860460348212017e+23,4.87100432307001e+31,3.4600297424611196e+21,0.09386815349792897,0.2030553389526116,0.00546597322019875,2.057869807503233e-08
1317.0,10127113.095413174,9554.149647809565,53.75833816632377,3221.186045928299,3221.186045861739,3.451196649723914e+23,5.039487650822456e+31,4.547340492844781e+21,0.09386827834961263,0.20305538377505797,0.005465973840769671,2.154119395571283e-08
1318.0,10127166.6747699,9500.570291083306,53.57935672562419,3219.5375112595034,3219.537511193613,4.15812492546832e+23,5.2127583781472685e+31,5.934202177378942e+21,0.0938684210573657,0.2030554302619611,0.005465974614019398,2.2499007092885928e-08
1319.0,10127222.933094462,9444.311966521665,56.2583245619054,3218.6088181409173,3218.6088180754723,5.0523953901449776e+23,5.400573526455053e+31,7.7081861097778e+21,0.09386859389459654,0.20305548138372206,0.00546597560692165,2.350295419024565e-08
1320.0,10127282.004335253,9385.240725731477,59.071240790000665,3217.889706668388,3217.8897066033815,6.19296852256772e+23,5.604417075481474e+31,1.0118018576035546e+22,0.0938688044717365,0.20305553793823466,0.005465976865026116,2.455501802222188e-08
1321.0,10127338.410490833,9328.834570150822,56.40615557874133,3217.062525921167,3217.0625258566292,7.514439977788938e+23,5.805577657863144e+31,1.3428088371349566e+22,0.09386903595535484,0.20305559485704733,0.005465978280420545,2.555757156064522e-08
1322.0,10127393.622146199,9273.62291478552,55.21165536553114,3216.2503774509987,3216.250377386996,9.071923217889188e+23,6.008759799388342e+31,1.752509482134605e+22,0.0938692958277353,0.20305565364296846,0.005465979889172349,2.6536810709082144e-08
1323.0,10127448.342258478,9218.902802506462,54.72011227836948,3215.447670783803,3215.447670720113,1.0923330358676209e+24,6.2163981544535065e+31,2.2677944754502615e+22,0.0938695904148805,0.20305571520502919,0.005465981722389335,2.750517728147507e-08
1324.0,10127502.918728175,9164.326332809404,54.576469698284996,3214.5223430069695,3214.522342943698,1.3132840835716993e+24,6.429798124623496e+31,2.920971776082969e+22,0.09386992594867302,0.20305578016764197,0.005465983809490233,2.8468705027027498e-08
1325.0,10127560.224021358,9107.02103962563,57.30529318319925,3213.8224914806265,3213.822491417809,1.59170370135667e+24,6.660745075335896e+31,3.7519259851213454e+22,0.09387033043368673,0.20305585266450077,0.005465986311149066,2.9477724195445913e-08
1326.0,10127620.394579202,9046.850481782109,60.17055784235921,3213.0467981523057,3213.0467980898216,1.9451908229118363e+24,6.910931805921894e+31,4.8736013393923276e+22,0.09387082068022219,0.20305593392056548,0.005465989311787958,3.053401917230644e-08
1327.0,10127677.999637658,8989.245423326269,57.60505845642881,3212.169025929945,3212.1690258680196,2.353813561755804e+24,7.157946432631867e+31,6.403952066008963e+22,0.09387135831718131,0.2030560168020094,0.005465992558904506,3.154214196919686e-08
1328.0,10127734.512870623,8932.732190361246,56.513232964133834,3210.697227482902,3210.6972274214454,2.8341857049813834e+24,7.407456356233447e+31,8.29113648280613e+22,0.09387196003903651,0.20305610337056015,0.005465996136619652,3.2527901284111265e-08
1329.0,10127790.646099921,8876.59896106273,56.13322929887639,3211.57559074139,3211.5755906799864,3.403759308793021e+24,7.662439987357479e+31,1.0656267005795638e+23,0.09387264026763831,0.203056194941215,0.00546600010913603,3.3503655910239994e-08
1330.0,10127849.585990684,8817.659070299938,58.9398907638202,3210.9344044162854,3210.9344043552874,4.118810621503361e+24,7.937769772835778e+31,1.364444704952632e+23,0.09387345700153713,0.20305629768726643,0.005466004780002353,3.452419817381256e-08
1331.0,10127911.472875986,8755.772184997797,61.88688530201122,3210.1941833621618,3210.194183301525,5.02271524919297e+24,8.235316688893371e+31,1.7663526210922024e+23,0.0938744422944767,0.20305641336634284,0.005466010281412488,3.559111313733117e-08
1332.0,10127970.793641275,8696.45141970925,59.32076528785175,3209.481954722801,3209.48195466251,6.063947487004357e+24,8.528710721789072e+31,2.312348109297157e+23,0.09387551901204644,0.2030565318984728,0.005466016147773284,3.6609205192332664e-08
1333.0,10128029.09999551,8638.145065473393,58.30635423511598,3208.6276668864066,3208.6276668265623,7.284479058134734e+24,8.824890408961153e+31,2.9834548765945516e+23,0.09387672047587665,0.20305665626125086,0.005466022529677861,3.760520228716897e-08
1334.0,10128087.142990008,8580.102070976049,58.0429944983395,3207.879553034961,3207.8795529754457,8.727394237313401e+24,9.127382202764214e+31,3.822387727679362e+23,0.09387807477487475,0.203056788305126,0.005466029536082252,3.859181370853604e-08
1335.0,10128148.088134231,8519.156926753,60.945144223256484,3206.1487460096846,3206.1487459507425,1.0529362693229935e+25,9.453157011458156e+31,4.8799128669737055e+23,0.09387969069265346,0.20305693657697685,0.005466037661228387,3.962206733338817e-08
1336.0,10128212.080535665,8455.16452531889,63.99240143441931,3205.0584842075496,3205.058484149035,1.2793013625452333e+25,9.80413322827227e+31,6.295191329859477e+23,0.09388162690911468,0.20305710348647849,0.005466047095860926,4.069725726302922e-08
1337.0,10128273.74177387,8393.503287114203,61.66123820357447,3204.396620815159,3204.3966207570343,1.5398792238365761e+25,1.0151078349293986e+32,8.206477079992352e+23,0.09388374028063344,0.20305727531002862,0.005466057078251913,4.172688068330463e-08
1338.0,10128334.594198357,8332.650862626731,60.85242448780299,3203.769357474482,3203.769357416665,1.8449253486670599e+25,1.0501831197714058e+32,1.0555598675618011e+24,0.09388609294208497,0.20305745612155465,0.005466067847070971,4.273656130786156e-08
1339.0,10128398.489244068,8268.755816916004,63.89504571219314,3203.1240470072707,3203.1240469497766,2.224998812467948e+25,1.0878938810768288e+32,1.349038950032405e+24,0.09388888842842169,0.20305765898857894,0.005466080217567059,4.3789438215191185e-08
1340.0,10128465.579042068,8201.666018916294,67.0897979978028,3202.494398000972,3202.494397943831,2.7012184584290024e+25,1.1284566295798491e+32,1.7413251577143915e+24,0.09389221995357863,0.20305788702940103,0.005466094435309453,4.488667567646039e-08
1341.0,10128530.156435123,8137.088625861332,64.5773930554234,3201.7981047377225,3201.7981046810037,3.247240839099922e+25,1.1684491508481315e+32,2.2701830922625296e+24,0.09389583127321542,0.20305812109469895,0.005466109311558078,4.5934959832644264e-08
1342.0,10128593.916496295,8073.328564688563,63.76006117423221,3200.999018831399,3200.9990187750345,3.8847956813051575e+25,1.2088428528273359e+32,2.9179704738975686e+24,0.09389982813470872,0.2030583670017591,0.005466125204546758,4.696201440177014e-08
1343.0,10128660.864560528,8006.380500456318,66.94806423294382,3200.4150560973826,3200.4150560413304,4.676472645304351e+25,1.2522072833971901e+32,3.7255202625043354e+24,0.09390454401778119,0.2030586421840234,0.00546614326348469,4.8031381466092016e-08
1344.0,10128731.160027973,7936.085033010691,70.29546744459103,3199.855351040874,3199.8553509850076,5.664774540767963e+25,1.2987852431262459e+32,4.801653635710472e+24,0.09391011997893113,0.20305895059654258,0.005466163779194081,4.91438594536321e-08
1345.0,10128799.019977583,7868.225083401427,67.85994960917336,3199.1927001746362,3199.1927001189993,6.7971271353862e+25,1.344780795666756e+32,6.247279166990184e+24,0.09391613470876478,0.20305926715688188,0.005466185065890241,5.020725742398809e-08
1346.0,10128866.175097415,7801.069963568822,67.15511983158783,3198.6680166500246,3198.6680165946696,8.11876300027396e+25,1.3913147560851279e+32,8.017314146095683e+24,0.09392275565713513,0.2030595995876832,0.005466207607243348,5.124833817770739e-08
1347.0,10128936.687973239,7730.5570877455175,70.51287582316722,3198.1581243274404,3198.158124272393,9.755273938419622e+25,1.4412352752184276e+32,1.0222887647646741e+25,0.09393050069908605,0.2030599705180772,0.005466232919186217,5.2330106755031623e-08
1348.0,10129010.726492852,7656.518568132073,74.03851961432558,3197.682061152457,3197.682061097602,1.1792456593802059e+26,1.494830146855961e+32,1.315326742795486e+25,0.09393957223615634,0.2030603850147952,0.005466261317288393,5.345240390682093e-08
1349.0,10129082.407702923,7584.837358061224,71.68121007079272,3197.223124505125,3197.223124450487,1.4128478211405058e+26,1.5479185172743762e+32,1.7076915288773316e+25,0.09394929764773081,0.20306081066688167,0.005466290518933792,5.45258984229588e-08
1350.0,10129153.47085144,7513.774209544063,71.0631485165142,3196.7714839835685,3196.7714839291257,1.685439303684649e+26,1.6017221093251577e+32,2.1882266466529277e+25,0.09395992494931397,0.20306125748540277,0.005466321138341447,5.557696093832094e-08
1351.0,10129228.08715738,7439.157903604209,74.61630594233992,3196.1388243456686,3196.138824291504,2.0224499819569077e+26,1.6594651951614623e+32,2.786680817718496e+25,0.09397223481475434,0.20306175506790713,0.005466355107932815,5.666576236655278e-08
1352.0,10129306.43427862,7360.810782363638,78.34712123945692,3195.639506544454,3195.639506490478,2.442042250655259e+26,1.7215957604201006e+32,3.5799873644408597e+25,0.09398650196593301,0.20306231020090257,0.005466392745540222,5.779230395807478e-08
1353.0,10129382.373380749,7284.87168023549,75.93910212724609,3195.15923007408,3195.1592300204184,2.9223140041149124e+26,1.7831475988824822e+32,4.640278590652742e+25,0.09400165780140009,0.20306288029120256,0.00546643102955362,5.8868253819415973e-08
1354.0,10129457.710386535,7209.5346744488925,75.33700578696848,3194.6208566892924,3194.620856635894,3.482242738595328e+26,1.8455973735857e+32,5.937021353759029e+25,0.09401805943843469,0.20306347874829353,0.005466470740069651,5.991973154649949e-08
1355.0,10129536.81424261,7130.430818373337,79.10385607631692,3192.7205820057134,3192.720581952733,4.173165812358782e+26,1.9126311663201754e+32,7.549649294646806e+25,0.09403684706901308,0.2030641450374565,0.005466514276156305,6.100573601374387e-08
1356.0,10129619.87329149,7047.371769493446,83.05904888013276,3192.272902752529,3192.272902699794,5.029688445497815e+26,1.9846217910347742e+32,9.682312730843729e+25,0.09405835902793025,0.20306488780682225,0.005466561839301395,6.212578009921174e-08
1357.0,10129700.55717711,6966.687883874401,80.68388562004043,3191.8978348004275,3191.897834747803,6.010921359902205e+26,2.056185318015737e+32,1.2523021384561598e+26,0.09408099135898626,0.2030656527075895,0.0054666097794584985,6.31942607414502e-08
1358.0,10129780.74445979,6886.500601194799,80.18728267896716,3191.5506300725997,3191.550630020262,7.153532513563633e+26,2.1288722108433957e+32,1.599670296722491e+26,0.0941052344334024,0.20306645782198518,0.0054666590449671875,6.423638171187535e-08
1359.0,10129864.9411066,6802.303954383358,84.19664681291553,3191.220171924263,3191.2201718720617,8.558609713422613e+26,2.206819280092499e+32,2.031322442908363e+26,0.09413264597893692,0.20306735516284016,0.0054667124446000585,6.530812441484384e-08
1360.0,10129953.347585756,6713.897475227714,88.40647915356129,3190.8576883346045,3190.857688282602,1.029279805289685e+27,2.2904047402215947e+32,2.600471574743221e+26,0.09416358433548797,0.2030683566489963,0.005466770106563968,6.640770538064936e-08
1361.0,10130039.525276275,6627.719784708694,86.1776905182692,3190.404064424576,3190.4040643727903,1.228081044648685e+27,2.3737968741740666e+32,3.3557724252159215e+26,0.0941957858022797,0.20306939293032827,0.005466827794453242,6.745447793451638e-08
1362.0,10130130.011851318,6537.233209665865,90.48657504418266,3189.9429859372385,3189.94298588554,1.445475960632887e+27,2.4531242990845883e+32,4.279883838717648e+26,0.09423176921102334,0.20307054941254887,0.005466889775680565,6.85246972158713e-08
1363.0,10130225.022755114,6442.222305869684,95.0109037963918,3189.669030204736,3189.6690301531385,1.70223388209929e+27,2.5472856181320226e+32,5.452629896281203e+26,0.0942719228659737,0.2030718440190331,0.005466956326250387,6.961597707139775e-08
1364.0,10130324.7842041,6342.460856884718,99.76144898621139,3189.4259581338833,3189.4259580823987,2.0938972541025722e+27,2.6497071792213917e+32,5.450677088782576e+25,0.09431657471750426,0.20307329594866735,0.005467027627585474,7.072474046764848e-08
1365.0,10130420.325062718,6246.919998265803,95.54085861922151,3189.21502726022,3189.2150272088898,2.516758365815055e+27,2.7495006725974183e+32,2.2506543850081287e+26,0.0943614898571346,0.20307477498282211,0.005467097044271787,7.175161301583182e-08
1366.0,10130514.649957938,6152.5951030459255,94.32489522023369,3188.9596786116203,3188.959678560312,2.9987068096116613e+27,2.8516138445498898e+32,4.458756334978677e+26,0.0944077985928493,0.20307632504967574,0.005467166546212487,7.273056326041505e-08
1367.0,10130613.691097919,6053.553963065147,99.04113998124538,3188.786172632959,3188.786172581774,3.5940553025027324e+27,2.9618806052716804e+32,7.263950524728063e+26,0.094458410096844,0.20307805500631246,0.005467240421882634,7.37191828269223e-08
1368.0,10130717.684294898,5949.560766085982,103.99319698030766,3188.6524837144166,3188.6524836633807,4.3357685601924107e+27,3.081487706687831e+32,1.1052217718028702e+27,0.094513550458222,0.20307998908067615,0.00546731887324041,7.47131668754594e-08
1369.0,10130818.1300292,5849.1150317844,100.44573430253013,3188.5142334034435,3188.5142333524877,5.18504189379277e+27,3.2009170829788215e+32,1.6191044801526996e+27,0.09456843947528369,0.20308196923533645,0.005467395333717685,7.563156770263658e-08
1370.0,10130917.462861998,5749.782198986039,99.33283279786936,3188.392653454026,3188.392653403084,6.172832753306949e+27,3.3227018375842236e+32,2.252540613476354e+27,0.0946240450203593,0.20308403747434858,0.005467471422678206,7.649841590913538e-08
1371.0,10131021.762336437,5645.482724547386,104.29947443776283,3188.2903626926463,3188.290362641729,7.397757568483347e+27,3.455076578272002e+32,3.0437303472104263e+27,0.09468370241698885,0.20308633454984912,0.005467551833194662,7.736295025561298e-08
1372.0,10131131.276784595,5535.968276388943,109.51444815965097,3187.9940546137286,3187.994054562855,8.952827139742984e+27,3.601700006167939e+32,4.097628956383191e+27,0.0947475731055721,0.20308888910718714,0.00546763681708665,7.822099743622457e-08
1373.0,10131236.454719739,5430.7903412450105,105.17793514329676,3187.911775432189,3187.911775381408,1.0737413598305118e+28,3.748507548975525e+32,5.519341909062236e+27,0.09480987575999807,0.2030914770023125,0.005467718893541447,7.899992460623591e-08
1374.0,10131339.582545578,5327.6625154055655,103.12782584141955,3187.8364394104915,3187.8364393597226,1.284530684118583e+28,3.9006486793374496e+32,7.253203714311869e+27,0.09487176588437388,0.2030941446266874,0.005467799604298751,7.972140143056761e-08
1375.0,10131441.704690328,5225.540370656177,102.12214474890362,3187.7560055939207,3187.756005543221,1.535234635936069e+28,4.059710285323538e+32,9.403496503278728e+27,0.09493374979665659,0.20309692166907875,0.0054678800551550355,8.039593974107065e-08
1376.0,10131543.00349193,5124.241569053382,101.29880160188493,3187.663149765029,3187.663149714335,1.8332783170285765e+28,4.2261476911391196e+32,1.208782565830769e+28,0.09499584892447134,0.20309981278129227,0.005467960345516751,8.102780294191022e-08
1377.0,10131643.63837197,5023.606689013541,100.63488004000817,3187.598742686062,3187.5987426353354,2.188334587528597e+28,4.4008775082347716e+32,1.5435906814488954e+28,0.09505808114708579,0.20310282369396757,0.005468040627686488,8.162113919868926e-08
1378.0,10131743.69305855,4923.552002433687,100.05468658002054,3187.4991533705324,3187.4991533198036,2.6119880494370562e+28,4.584780174960744e+32,1.9612440520465389e+28,0.09512043835210418,0.20310595830276507,0.005468120947069333,8.218005646464763e-08
1379.0,10131843.154810807,4824.090250177309,99.46175225683812,3187.38131567338,3187.3813156228043,3.114061916876516e+28,4.7771706529230225e+32,2.4822208071941053e+28,0.09518283393935115,0.20310921743944874,0.005468201339697884,8.270852279343192e-08
1380.0,10131942.149483286,4725.095577698201,98.99467247910523,3187.23846774058,3187.2384676900288,3.7182526088482527e+28,4.981848040920923e+32,3.1299301953266133e+28,0.09524532947228488,0.20311260852689514,0.005468281974392204,8.321213108939237e-08
1381.0,10132040.540358111,4626.704702872783,98.39087482479653,3187.0480265214464,3187.048026471036,4.440082105079296e+28,5.197976422675433e+32,3.9389955206958066e+28,0.09530780032639485,0.20311612893919787,0.005468362766601023,8.369560289538062e-08
1382.0,10132138.079039136,4529.166021848097,97.53868102438966,3186.833452930967,3186.833452880639,5.300584766314414e+28,5.425892184191361e+32,4.9465131493986065e+28,0.09537005558651031,0.20311977097181086,0.00546844353513557,8.41642991502022e-08
1383.0,10132234.803716617,4432.44134436734,96.72467747991767,3186.7549538719536,3186.7549538216904,6.3268499231022135e+28,5.6665605241946384e+32,6.197028567991599e+28,0.09543209151570216,0.20312353700383712,0.005468524332491491,8.462565961048131e-08
1384.0,10132330.717171483,4336.527889501303,95.91345486729767,3186.4388705477713,3186.438870497613,7.550429293736896e+28,5.920827405663035e+32,7.748612776516946e+28,0.09549388674892482,0.20312742667482991,0.0054686050823900875,8.508786377911982e-08
1385.0,10132425.820152896,4241.42490808852,95.10298141124966,3186.1021001859763,3186.102100135999,9.010953252082843e+28,6.190003298854152e+32,9.672315713088965e+28,0.0955554258816714,0.20313144276795167,0.005468685900779625,8.556005852769563e-08
1386.0,10132520.088857936,4147.156203048304,94.26870504033849,3185.7076113799785,3185.707611330098,1.075021658873896e+29,6.474482086753008e+32,1.205685460229344e+29,0.09561667774236064,0.20313558527501116,0.005468766786452761,8.605234386456155e-08
1387.0,10132613.531202435,4053.713858548552,93.44234450000941,3185.1882572895447,3185.188257239882,1.2828418264653421e+29,6.776443205002863e+32,1.5008313596078954e+29,0.095677641483954,0.20313985603745977,0.005468847770420504,8.657649420514304e-08
1388.0,10132706.11923089,3961.1258300933987,92.58802845434113,3183.9361262605694,3183.9361262111975,1.530632407785629e+29,7.096432849836575e+32,1.8663476245571096e+29,0.09573828981422663,0.20314425439180975,0.005468928797402493,8.714548787127008e-08
1389.0,10132797.80697955,3869.4380814339966,91.68774865945034,3182.443641220926,3182.443641171934,1.8260292232823218e+29,7.435727463349997e+32,2.3184624630812234e+29,0.09579858533158066,0.20314877973173545,0.0054690098926666545,8.77739248555011e-08
1390.0,10132888.60873005,3778.6363309342414,90.80175049888562,3181.3150413446324,3181.3150412959635,2.1782057260755395e+29,7.795768915711755e+32,2.877154032853835e+29,0.09585853610290368,0.20315343389308133,0.005469091086199464,8.847898034433085e-08
1391.0,10132978.522060769,3688.7230002153665,89.91333071872086,3180.3230941797297,3180.32309413146,2.5981735187030258e+29,8.178165762075183e+32,3.5672976297576724e+29,0.0959181381445094,0.20315821807924073,0.0054691723995302565,8.92803630841108e-08
1392.0,10133067.539493462,3599.7055675219744,89.01743269267709,3178.8742148793594,3178.874214831648,3.0955839861346204e+29,8.581689967046049e+32,4.419476484492491e+29,0.09597736088238881,0.20316313141792836,0.005469253809890297,9.01997908716632e-08
1393.0,10133155.794117345,3511.450943639502,88.25462388236156,3179.0169346805255,3179.016934632934,3.69457160526686e+29,9.015360991788313e+32,5.468724334061862e+29,0.09603632563147724,0.20316818519970448,0.005469335514490301,9.12665944990104e-08
1394.0,10133243.15390762,3424.0911533646286,87.35979027380742,3178.249675031082,3178.24967498379,4.4078939511206866e+29,9.475845781589668e+32,6.768117302197642e+29,0.09609493811637992,0.20317337312704883,0.005469417413472854,9.250997776912692e-08
1395.0,10133329.456972482,3337.7880885023624,86.3030648634446,3176.5580233285646,3176.558023282084,5.255778601328179e+29,9.964249392105127e+32,8.370625356411894e+29,0.0961530980641161,0.20317868673969453,0.0054694993828120235,9.396276254456209e-08
1396.0,10133414.850706894,3252.3943540900946,85.39373441147877,3174.9686738425253,3174.968673796607,6.267047357144742e+29,1.0484413616063259e+33,1.0341491952329292e+30,0.09621091105939844,0.20318413310343117,0.005469581451452059,9.566931351410661e-08
1397.0,10133499.355280427,3167.889780556783,84.50457353346411,3173.8175520725395,3173.8175520270006,7.474284464785281e+29,1.1039076960435977e+33,1.2769486816157295e+30,0.09626839129795967,0.2031897185032813,0.005469663843753688,9.768014580938562e-08
1398.0,10133582.92781349,3084.3172474931926,83.57253306264765,3171.387096353575,3171.387096308836,8.911029766822982e+29,1.162871958637538e+33,1.5761170445836322e+30,0.09632551021877513,0.20319544149543511,0.005469746570418163,1.0005232389101222e-07
1399.0,10133665.593780387,3001.6512805968523,82.66596689579343,3170.0660562567077,3170.0660562125777,1.062809612465704e+30,1.2258571131023876e+33,1.944113348541462e+30,0.0963822888816349,0.20320130565260483,0.005469829732798732,1.0285699339145428e-07
1400.0,10133747.339865694,2919.9051952902228,81.7460853068909,3168.180905872906,3168.1809058292197,1.2676295714157126e+30,1.2929957053625771e+33,2.3972628288485093e+30,0.0964387264574142,0.20320731180120877,0.005469913371314363,1.0617645322746931e-07
1401.0,10133828.122822613,2839.1222383715212,80.78295691886372,3166.693736310272,3166.6937362671742,1.511968409767448e+30,1.36457641880421e+33,2.954782424378169e+30,0.09649478723678255,0.2032134581155297,0.005469997574878263,1.1010682677396398e-07
1402.0,10133907.955015374,2759.2900456096977,79.83219276267867,3164.7260225686764,3164.7260225262085,1.8034583531935455e+30,1.4408922826310255e+33,3.640190959597752e+30,0.09655047573511531,0.20321974656043285,0.005470082475393553,1.1476476060006794e-07
1403.0,10133986.838123187,2680.4069377966225,78.88310781352176,3163.4206460179885,3163.4206459759257,2.1505058892670117e+30,1.5220734691173308e+33,4.4826157554993194e+30,0.09660578015355639,0.2032261775182432,0.005470168207310093,1.202866739707826e-07
1404.0,10134064.819937997,2602.425122987479,77.98181480763593,3162.194144842871,3162.1941448012913,2.565948739660679e+30,1.6089354161451228e+33,5.516931788024443e+30,0.09666073863895701,0.20323275700354462,0.005470255018421109,1.2684443803080812e-07
1405.0,10134141.871312318,2525.3737486656755,77.05137432250926,3160.5274227462064,3160.5274227052823,3.0628992177393875e+30,1.7017476500472716e+33,6.78907931962065e+30,0.09671533659903242,0.20323948430577893,0.005470343081740429,1.3463638214606842e-07
1406.0,10134217.90725626,2449.337804723531,76.03594394187827,3159.3167729391926,3159.3167728986136,3.656115697283818e+30,1.8006536503329848e+33,8.352973756595693e+30,0.09676950409038328,0.20324635279943723,0.005470432587482592,1.4388833422456968e-07
1407.0,10134292.934408857,2374.3106521274894,75.02715259558046,3157.766729729524,3157.7667296892814,4.360350976465795e+30,1.905370791906096e+33,1.02721952689548e+31,0.0968232037649875,0.20325335984914303,0.005470523793739835,1.548686975514036e-07
1408.0,10134367.0875206,2300.15754038468,74.15311174345241,3157.237138857645,3157.237138817817,5.209513581458344e+30,2.0181543788942788e+33,1.2622022610912943e+31,0.09687656510858864,0.20326052370651757,0.005470617337297026,1.6795251719399203e-07
1409.0,10134440.275614033,2226.9694469515234,73.1880934328998,3155.7355261334424,3155.735526094215,6.228416468287936e+30,2.138780971863145e+33,1.5515672447480231e+31,0.09692953774321332,0.20326783899966516,0.005470713610566116,1.8354048110497794e-07
1410.0,10134512.298875093,2154.946185890585,72.02326106025602,3154.9399818432935,3154.9399818042566,7.447292244088842e+30,2.2672865226947035e+33,1.9072511914945638e+31,0.09698196633287028,0.20327528464811054,0.005470812874911215,2.0206810230684029e-07
1411.0,10134583.177281855,2084.067779129371,70.87840676176312,3152.595110565641,3152.595110527273,8.90906431797385e+30,2.4044739452610214e+33,2.343042132788482e+31,0.09703387219159329,0.20328286452285468,0.005470915885088413,2.2411193749692903e-07
1412.0,10134652.903341882,2014.3417191021144,69.72606002680675,3151.74297343218,3151.74297339399,1.0662009955065283e+31,2.5507689590494288e+33,2.8772823218974183e+31,0.09708524318825176,0.2032905776582144,0.005471023447998891,2.503527344377405e-07
1413.0,10134721.451272527,1945.7937884572893,68.54793064530045,3150.644816870505,3150.644816832645,1.2766651270153603e+31,2.706841158476178e+33,3.5319712852041506e+31,0.0971360594346091,0.2032984214049504,0.005471136512208673,2.816005503214325e-07
1414.0,10134788.802645715,1878.4424152690917,67.35137318911788,3149.680543157945,3149.6805431204157,1.5298802157879504e+31,2.8735580774657535e+33,4.334088810558609e+31,0.09718631496619833,0.2033063948111952,0.005471256255831014,3.188359779246271e-07
1415.0,10134854.904956736,1812.3401042483747,66.10231102035884,3148.6995735496807,3148.699573512495,1.8347082158145163e+31,3.051550855145703e+33,5.317064017275041e+31,0.09723597391845455,0.20331449211636157,0.005471384023806625,3.632097264618859e-07
1416.0,10134919.699743075,1747.545317908749,64.79478633925454,3148.893932399943,3148.8939323627023,2.201594588192164e+31,3.241312563142107e+33,6.521015356662035e+31,0.09728497431696982,0.20332270365164273,0.005471521381781986,4.1607585175683166e-07
1417.0,10134983.15563786,1684.089423123747,63.45589478513359,3146.197965126871,3146.197965090514,2.6408834033378518e+31,3.4421361360963556e+33,7.9941590923737e+31,0.09733332438033343,0.20333102723437319,0.005471670285432196,4.79073908084585e-07
1418.0,10135045.136448577,1622.1086124069989,61.98081071886037,3145.225986680132,3145.225986643959,3.174039428915247e+31,3.658160633846166e+33,9.791975350732624e+31,0.09738088742667483,0.20333943828584142,0.005471832788302979,5.540289572681599e-07
1419.0,10135105.621768735,1561.623292248696,60.48532015927285,3144.5279757135836,3144.5279756776085,3.8180112475128234e+31,3.8887118766089763e+33,1.1990294324373043e+32,0.09742763234830631,0.20334793279427127,0.005472011664998556,6.432251288207529e-07
1420.0,10135164.659687873,1502.5853731110692,59.03791913694158,3143.976872404793,3143.976872368881,4.576788112810575e+31,4.127039642081622e+33,1.4674064402799563e+32,0.09747315631430636,0.2033564519804831,0.005472209404529966,7.490263061200801e-07
1421.0,10135222.56120036,1444.683860624209,57.90151248819205,3143.46122969442,3143.4612296587097,5.511765722763253e+31,4.387455895335119e+33,1.792236134778965e+32,0.09751782036040801,0.20336505911507777,0.005472431730083219,8.757351858147019e-07
1422.0,10135279.237145003,1388.007915981114,56.675944641658106,3142.4717900680894,3142.471790032747,6.656431940627554e+31,4.668622204434456e+33,2.192025682657075e+32,0.09756162814126643,0.2033737491525951,0.005472683814591101,1.0276210708786759e-06
1423.0,10135333.509104222,1333.735956761986,54.27195921944105,3142.0289148924767,3142.028914857277,8.02763657683221e+31,4.965378655421637e+33,2.6835715831401797e+32,0.09760371364724021,0.20338233739698883,0.005472965178656245,1.2054161142822552e-06
1424.0,10135385.676754396,1281.5683065876365,52.167650175392,3141.4426985421374,3141.4426985070963,9.704194832938847e+31,5.286674050113093e+33,3.273766755009013e+32,0.09764436505338164,0.20339086740576068,0.005473283079741211,1.4147444200035276e-06
1425.0,10135436.317348167,1230.927712816745,50.640593768982036,3141.0029592393735,3141.002959204432,1.174980648475071e+32,5.631717606231458e+33,3.988487845107557e+32,0.09768405194185989,0.20339943189472745,0.005473648359523879,1.6639185230144966e-06
1426.0,10135485.079591546,1182.1654694378376,48.76224337982384,3140.526296650054,3140.526296615297,1.4252524842420264e+32,6.004045597733144e+33,4.860765472460293e+32,0.09772251542294276,0.20340796976842257,0.005474067348473618,1.9584525853406286e-06
1427.0,10135531.904646186,1135.3404147978872,46.825054641154935,3139.762982812003,3139.7629827774217,1.7312701663292127e+32,6.405348157112334e+33,5.92019661294182e+32,0.0977596971569785,0.20341646262176033,0.005474549107616488,2.3058058806009014e-06
1428.0,10135576.684231045,1090.5608299393207,44.77958485908146,3139.325841489463,3139.3258414550373,2.1053560487909234e+32,6.8380502887968e+33,7.204440110853097e+32,0.09779549091935871,0.20342488061144473,0.005475103064392804,2.7137121540357742e-06
1429.0,10135619.378478648,1047.8665823359042,42.694247603129384,3138.9804137691485,3138.9804137348597,2.561793786485637e+32,7.303907113353033e+33,8.756089719721502e+32,0.09782983486796522,0.20343320298199793,0.005475740008331379,3.1908326220141924e-06
1430.0,10135659.985749483,1007.2593115009367,40.607270833335484,3139.138384038465,3139.1383840041253,3.1216090774007977e+32,7.809469925760415e+33,1.062448513383371e+33,0.09786269192309663,0.20344141559690496,0.005476472918813635,3.747340423457287e-06
1431.0,10135698.48167072,968.7633902635425,38.49592123880122,3138.1161959704814,3138.1161959364404,3.806810399901318e+32,8.35748219351013e+33,1.2872516254831161e+33,0.09789399902667716,0.20344949696410752,0.005477315306254292,4.393477705641601e-06
1432.0,10135734.840721462,932.4043395221233,36.35905074115011,3137.272698342122,3137.272698308341,4.643513839774401e+32,8.951368470694802e+33,1.556714983055679e+33,0.0979236724589232,0.2034574196581115,0.005478281214429254,5.139307172941691e-06
1433.0,10135769.097628107,898.1474328767508,34.256906644012176,3135.741077124635,3135.7410770910324,5.662102693799056e+32,9.594807700820066e+33,1.878174115874017e+33,0.09795166314299229,0.20346516302205342,0.0054793868395419595,5.995601389665366e-06
1434.0,10135801.31533317,865.929727813229,32.217705062945264,3135.626067378069,3135.6260673445418,6.903468624581617e+32,1.0296057634428861e+34,2.2599254360430704e+33,0.09797795072712792,0.20347271964977182,0.00548065191235918,6.974270114359792e-06
1435.0,10135831.544298198,835.7007627859712,30.228965026685074,3134.9749128339927,3134.9749128006447,8.411444347764371e+32,1.106090634216365e+34,2.711944951645344e+33,0.09800250100897397,0.2034800719812127,0.0054820978862696835,8.086202903429852e-06
1436.0,10135859.830080558,807.4149804264307,28.285782360062136,3135.657901846746,3135.657901813363,1.0241292326874214e+33,1.189739475063797e+34,3.244477394408159e+33,0.09802528314194725,0.20348720060191808,0.005483749200295807,9.341157472368408e-06
1437.0,10135886.234112272,781.0109487120062,26.40403171539109,3135.63881959741,3135.6388195639656,1.2440200162616193e+33,1.2803423868671493e+34,3.868355981194592e+33,0.09804619127527599,0.20349406534107745,0.005485631123516283,1.0745346385260408e-05
1438.0,10135910.880221121,756.3648398630321,24.64610884846908,3135.4685821917487,3135.4685821584503,1.5110415853547116e+33,1.3798110014720344e+34,4.591976525201642e+33,0.09806528645455648,0.20350066332705433,0.005487781093734807,1.230882461843483e-05
1439.0,10135933.870030157,733.3750308267772,22.989809036475414,3135.322150762792,3135.3221507295616,1.8354973930775524e+33,1.489240873767429e+34,5.428943279193115e+33,0.09808260215305575,0.20350697981985447,0.005490241216473779,1.4039284747611656e-05
1440.0,10135955.2500479,711.9950130842626,21.380017743646082,3135.0165631055534,3135.0165630723695,2.228129454783985e+33,1.6094980631688633e+34,6.391175839707723e+33,0.09809813706363059,0.20351298204560028,0.005493050748210274,1.5936952591793764e-05
1441.0,10135975.09918189,692.1458790935576,19.84913399023457,3134.811005411226,3134.811005378067,2.6994563492586315e+33,1.7411533997520197e+34,7.487014761439524e+33,0.0981119252405326,0.20351864054945523,0.005496250937704907,1.79991531504369e-05
1442.0,10135993.526058031,673.7190029527992,18.426876141369867,3134.7360331139844,3134.7360330809565,3.2670203933461633e+33,1.886615629127844e+34,8.72219975765546e+33,0.09812400686487546,0.2035239360010608,0.005499893994328054,2.022588998386537e-05
1443.0,10136010.616799483,656.6282615009695,17.09074145203854,3134.592422513577,3134.592422480572,3.941590905075781e+33,2.0459391424837871e+34,1.0106688210141969e+34,0.09813442725692421,0.20352884059625,0.005504022799896231,2.2608799044131013e-05
1444.0,10136026.46638836,640.7786726243794,15.849588876105265,3134.517853263061,3134.517853230017,4.740222665808471e+33,2.220807536586416e+34,1.1639692993257866e+34,0.09814324665868734,0.20353333327055415,0.005508681603529245,2.513864588733192e-05
1445.0,10136041.190362016,626.0546989683062,14.723973655804937,3134.393393253435,3134.3933932204827,5.681645585040638e+33,2.412943386946514e+34,1.3321185677868805e+34,0.09815054026348026,0.2035374006000096,0.005513921608036088,2.7808456604958862e-05
1446.0,10136054.881054051,612.3640069328249,13.690692033627943,3134.1465256734923,3134.146525640588,6.784355781674207e+33,2.6237954154842186e+34,1.5149454399578202e+34,0.09815637184926788,0.20354102562727147,0.005519786869673473,3.060650893553119e-05
1447.0,10136067.629168939,599.6158920451999,12.74811488720406,3133.4553352474045,3133.4553352145667,8.066029040910953e+33,2.85456576090617e+34,1.7116647961447705e+34,0.09816080741499188,0.20354419447355548,0.005526318544021652,3.351957858660712e-05
1448.0,10136079.528119378,587.7169416062534,11.898950438066441,3133.3740991126056,3133.374099079847,9.552609351730774e+33,3.107814496197492e+34,1.9210836022980252e+34,0.09816391053500566,0.2035468962951915,0.005533566216264005,3.6537408536696334e-05
1449.0,10136090.658850532,576.5862104520202,11.13073115515025,3133.203301800868,3133.203301768256,1.126488476187534e+34,3.385034572729934e+34,2.1424147690265175e+34,0.09816573614963259,0.20354911955890345,0.0055415749223975035,3.9647611479884964e-05
1450.0,10136101.093686694,566.151374289766,10.434836162953257,3133.1156288486422,3133.1156288160328,1.3226454164585468e+34,3.688162505412862e+34,2.3745484984274092e+34,0.09816633001575491,0.20355085325606742,0.005550388066745651,4.283747733967678e-05
1451.0,10136110.905229948,556.3398310355842,9.811543253958535,3133.0655075078,3133.065507475177,1.5463174407568034e+34,4.0194775705981004e+34,2.6167829356266216e+34,0.098165734073293,0.20355208738844954,0.005560055875093627,4.609726055481644e-05
1452.0,10136120.158281846,547.0867791380733,9.25305189665145,3133.019067571942,3133.019067539327,1.7988618583292852e+34,4.379067191136073e+34,2.869084326596108e+34,0.0981639805388968,0.20355281091175395,0.005570630025351134,4.9418237777547984e-05
1453.0,10136128.9221838,538.3228771835566,8.763901954907775,3132.9651525315894,3132.9651524989863,2.094239444394749e+34,4.757358824790464e+34,3.131307992820059e+34,0.09816108870168447,0.203553011077165,0.0055821803989710254,5.279756468631286e-05
1454.0,10136137.318121582,529.9269394017756,8.39593778030086,3132.8284910021985,3132.8284909696727,2.433004557436307e+34,5.149372234887142e+34,3.3106461098956373e+34,0.09815701972736057,0.20355266468261812,0.005594890284493063,5.626101760610107e-05
1455.0,10136145.50491964,521.7401413433254,8.18679806020815,3132.547416983881,3132.54741695137,2.8150706032349082e+34,5.570285032098083e+34,3.436386436649827e+34,0.09815163914091514,0.20355171367155647,0.005609102837693337,5.9864284095701704e-05
1456.0,10136153.562423036,513.6826379485428,8.057503393626757,3132.522763262408,3132.522763229936,3.2429536425439195e+34,5.987093249844252e+34,3.5792011393995773e+34,0.09814491938337129,0.20355005633368678,0.005625001246113936,6.361844164711736e-05
1457.0,10136162.022801599,505.2222593855113,8.460378563308094,3132.4173180907583,3132.41731805821,3.761729842973443e+34,6.4827789914689085e+34,3.6319307732128224e+34,0.09813582778536421,0.20354740129527846,0.005644197924533405,6.781234160309175e-05
1458.0,10136170.90619909,496.3388618938625,8.883397491473499,3132.349778462835,3132.349778430343,4.379815368577282e+34,7.051282516089254e+34,3.7547041854196483e+34,0.09812375337069897,0.20354341858974354,0.005667557464288662,7.25056788500903e-05
1459.0,10136179.354436066,487.8906249180436,8.448236976448003,3132.364881764288,3132.364881731762,5.036976321513067e+34,7.639903948919932e+34,3.9219456463317936e+34,0.09810968693339771,0.20353837594109872,0.005693125087098409,7.724013851300219e-05
1460.0,10136187.57805531,479.6670056749135,8.223619243481906,3132.26286595993,3132.2628659274897,5.77893762987702e+34,8.264913274141608e+34,4.1409153438410505e+34,0.09809321926153397,0.20353208159342812,0.00572167487064515,8.212081382782262e-05
1461.0,10136195.676816596,471.568244388327,8.09876128417225,3132.184668656245,3132.184668623889,6.67659336279589e+34,8.9274430942767e+34,4.344351493396745e+34,0.09807388637595921,0.2035242911123221,0.005753967831116483,8.722627445983253e-05
1462.0,10136203.718672954,463.5263880304992,8.041856359811867,3132.1089574687485,3132.108957436364,7.660409360056026e+34,9.631755403471798e+34,4.419087030090874e+34,0.09805122764567531,0.20351474946592893,0.005790734948117097,9.260053778436816e-05
1463.0,10136212.162622131,455.082438852638,8.44394917780246,3132.0010689498495,3132.001068917457,8.677641100379628e+34,1.0433245908277473e+35,4.531462038789055e+34,0.09802339543570773,0.20350257974756178,0.005834893572226991,9.851907528163907e-05
1464.0,10136221.028768769,446.2162922155112,8.866146636692584,3132.0473357554715,3132.0473357231035,1.002416459982645e+35,1.1350429567186807e+35,4.907879347151604e+34,0.09798890150393513,0.2034869743940931,0.005888541151124384,0.00010512904603094494
1465.0,10136229.495600266,437.74946071766317,8.46683149713597,3131.990122800012,3131.9901227676796,1.1453294083336857e+35,1.2276345905681533e+35,5.100263472634389e+34,0.09795056941818574,0.20346913866510652,0.0059472798703891685,0.00011181333719523312
1466.0,10136237.835648544,429.40941243991256,8.34004827848936,3131.974778582765,3131.97477855041,1.285973629736044e+35,1.3234735840337412e+35,5.287695043686254e+34,0.09790732418373191,0.2034486244360173,0.006012787217959012,0.00011869565152753856
1467.0,10136246.592699237,420.65236174687743,8.757050692413829,3131.8828309113655,3131.882830879034,1.4454636953761291e+35,1.4313966494049054e+35,5.603034660556478e+34,0.09785534945574802,0.20342337423065873,0.006090762423991085,0.00012626224193282263
1468.0,10136255.787602464,411.45745852030814,9.194903227034521,3131.8618408885704,3131.861840856339,1.6337898972868385e+35,1.5483136062905154e+35,5.955205383298628e+34,0.09779271516880685,0.20339238602502474,0.006183947343835238,0.00013464257963554865
1469.0,10136264.832710156,402.41235082782805,9.045107691422539,3131.7735524025015,3131.7735523702117,1.8486991792744004e+35,1.6657403342433142e+35,6.2225309691611415e+34,0.09772220628602696,0.2033569286188779,0.0062881645767657954,0.0001434071564066216
1470.0,10136274.330073232,392.9149877522141,9.497363075993665,3131.7771546915374,3131.777154659203,2.055090107579232e+35,1.7960778021586888e+35,6.327666735010115e+34,0.09763869016554977,0.20331432284951856,0.006411029851713492,0.00015295637797149817
1471.0,10136284.302304462,382.94275652244687,9.97223122979335,3131.6952009883544,3131.695200956103,2.273599318298695e+35,1.9376990425502975e+35,6.677456122890257e+34,0.09754026224648872,0.20326352329315683,0.006555205523138642,0.00016336143981094683
1472.0,10136294.773147253,372.47191373072565,10.470842791283019,3131.715657636566,3131.7156576043526,2.5267598346089527e+35,2.081571627009226e+35,7.062399153533202e+34,0.09742396903990991,0.20320287644263074,0.006724887483233788,0.00017488415394810775
1473.0,10136305.767532183,361.4775288011879,10.994384930847168,3131.623655690762,3131.6236556585777,2.757682449159589e+35,2.236334645764129e+35,7.267645055757879e+34,0.09728882386123966,0.20313177601726265,0.006921494374290593,0.00018731227976107875
1474.0,10136317.31163636,349.9334246236831,11.544104177389528,3131.586185424715,3131.5861853925207,3.0511085629734935e+35,2.3952376322169252e+35,7.665344012891895e+34,0.09712988984626134,0.20304748472507156,0.007151998126904694,0.00020123437714827347
1475.0,10136329.432945747,337.8121152371168,12.121309386259005,3131.5309378193206,3131.5309377872,3.2509806058720444e+35,2.554767274377924e+35,7.747344003500202e+34,0.09694965242939084,0.20295128664085516,0.007412877921706508,0.00021588438303119187
1476.0,10136342.160320602,325.0847403816879,12.727374855571956,3131.4638433126092,3131.4638432804504,3.462300917576851e+35,2.7248981532255173e+35,8.230116266692154e+34,0.09674540564626088,0.20284182604383322,0.00770770154508823,0.00023155934872192622
1477.0,10136355.524064202,311.72099678218365,13.363743598350554,3131.5301639137474,3131.530163881569,3.659862455296366e+35,2.890537951812091e+35,8.648235065370343e+34,0.09651589940354671,0.20271846906239607,0.008038032100478812,0.00024836937128843665
1478.0,10136369.55599498,297.68906600400805,14.031930778268084,3131.5109951922273,3131.5109951600284,3.862543816404048e+35,3.0594457069455466e+35,9.029557012299389e+34,0.09625843412113783,0.20257972116057693,0.008407633778534351,0.00026648281614437486
1479.0,10136384.289522298,282.9555386863649,14.733527317181487,3131.4854520464387,3131.4854520142167,4.022639586992428e+35,3.2302671774795324e+35,9.333831706764057e+34,0.0959735866003998,0.20242590844784783,0.008815528927322023,0.00028562773283379787
1480.0,10136396.076344151,271.1687168329954,11.78682185374519,3131.3852589795356,3131.3852589473927,4.187215525723641e+35,3.3507424418916324e+35,9.742677065333563e+34,0.09573424471093311,0.20229653462568226,0.009157565569405229,0.00030153150924111744
1481.0,10136408.452507097,258.7925538867712,12.37616294643245,3131.373512887031,3131.373512854849,4.217056051194964e+35,3.490879204329763e+35,9.803994385170436e+34,0.09547917167930796,0.2021584783818105,0.009521446843287654,0.0003175638603530476
1482.0,10136421.447478192,245.7975827921182,12.994971093754073,3131.3897169098236,3131.389716877647,4.357443870121533e+35,3.62306698908629e+35,1.0394114746788653e+35,0.09520003201017478,0.202007502312996,0.009918607606930757,0.0003350052852150387
1483.0,10136435.092197841,232.15286314301193,13.644719648441779,3131.39416817283,3131.3941681407036,4.469163648658533e+35,3.7560454930726924e+35,1.0547519334848664e+35,0.09489699328722832,0.20184350547658403,0.010348934173833594,0.0003535360986348891
1484.0,10136446.00797356,221.2370874248445,10.915775718753425,3131.327064550816,3131.3270645187513,4.3805187426803505e+35,3.87863285457426e+35,1.0778034507277603e+35,0.0946583151816064,0.2017144996140778,0.010687034736878475,0.0003674779677134278
1485.0,10136456.772397863,210.47266312129796,10.764424304004304,3131.3815122529663,3131.3815122208184,4.280358297161229e+35,4.010923859185065e+35,1.1484179095075519e+35,0.09442736318980942,0.2015902682138656,0.011012826272819888,0.0003806681569928118
1486.0,10136466.537165815,200.7078951690346,9.764767952035841,3131.360822103648,3131.360822071482,4.167319560977294e+35,4.1413183115187314e+35,1.22461155992261e+35,0.09422223685343072,0.2014806044797396,0.011300864040688021,0.0003922562179416422
1487.0,10136475.386838766,191.85822221823037,8.849672950779853,3131.385074145403,3131.385074113223,4.074839284266276e+35,4.273634964624116e+35,1.3012080397879326e+35,0.09403945733886018,0.20138342568204712,0.011556432246189326,0.0004025152417308091
1488.0,10136483.537977815,183.7070831693709,8.151139048082651,3131.3229707040296,3131.3229706718485,3.9614074471473226e+35,4.40406293369394e+35,1.374866358305669e+35,0.09387416671863621,0.2012961347339235,0.011786476706492853,0.000411822850565012
1489.0,10136491.095227133,176.14983385056257,7.557249319475652,3131.3538694139093,3131.3538693817686,3.865564710014973e+35,4.53838795532972e+35,1.4506782948703505e+35,0.09372309362686655,0.20121677165761964,0.01199591068467016,0.0004203338670491571
1490.0,10136498.136837859,169.10822312533855,7.041610724518619,3131.296051440146,3131.296051408048,3.768306982210541e+35,4.6670807616448726e+35,1.5253247285659657e+35,0.09358356208197538,0.2011439494087455,0.012188528538410487,0.0004282888651383611
1491.0,10136504.85680013,162.38826085440814,6.7199622684326945,3131.2538859374563,3131.2538859053825,3.656615051260987e+35,4.801069657194856e+35,1.5981065497693338e+35,0.09345176707144318,0.20107549983836212,0.012369834335768607,0.0004358375701729494
1492.0,10136511.240787443,156.0042735412717,6.3839873131080385,3131.2466960555694,3131.246696023434,3.520421015002477e+35,4.927889554851438e+35,1.6752741266384578e+35,0.09332766661314855,0.20101140197302927,0.012539959064670547,0.0004429922255313672
1493.0,10136517.226824926,150.01823605783284,5.986037483843122,3131.259239150129,3131.2592391180083,3.352346234251314e+35,5.0396840982130995e+35,1.754064978521583e+35,0.09321208587815946,0.2009520216425815,0.012697892129308434,0.00044973198662361124
1494.0,10136522.8239686,144.42109238356352,5.597143673003811,3131.2071992089536,3131.2071991768616,3.1685693207308258e+35,5.1321980665147606e+35,1.8331208158433452e+35,0.09310416848153276,0.20089681151675784,0.012844970271124615,0.0004560941514369112
1495.0,10136528.096967746,139.14809323847294,5.2729991452085185,3131.1725180010217,3131.172517968952,2.9591324880097374e+35,5.1973432647236995e+35,1.909492680702229e+35,0.09300201441513575,0.20084473904400918,0.012983889227574952,0.00046219057656466924
1496.0,10136533.130017418,134.1150435656309,5.033049674311419,3131.194295575502,3131.1942955434015,2.6928927757657027e+35,5.2216482868421896e+35,1.9827251495552534e+35,0.0929034975563837,0.2007946726021294,0.013117618459646934,0.00046814549546536963
1497.0,10136537.897329666,129.3477313183248,4.767312248360837,3131.144638109423,3131.14463807736,2.395869103819469e+35,5.1936782217797894e+35,2.053950751882867e+35,0.09280832247432147,0.2007464279184513,0.013246612481929723,0.0004739677885618537
1498.0,10136542.401413422,124.84364756196737,4.5040837557187245,3131.088243216842,3131.088243184818,2.1018805434415943e+35,5.115366194964918e+35,2.1179465867111105e+35,0.0927156991274115,0.20069951582988385,0.013372033915494961,0.0004796818246251976
1499.0,10136546.77230165,120.4727593343705,4.370888229153214,3131.1092890381055,3131.1092890060036,1.7447380813790942e+35,4.962599082293523e+35,2.1717145729627088e+35,0.0926222360950486,0.2006521952286224,0.01349849047092489,0.0004854791219352016
1500.0,10136550.975071684,116.26998930051923,4.202770033161667,3131.114096085412,3131.1140960533553,1.4497651213947878e+35,4.786352831801788e+35,2.2176143619130344e+35,0.09252803434288887,0.2006044858947878,0.01362586776241642,0.0004913343031211597
1501.0,10136555.387980219,111.85708076506853,4.412908534819751,3131.082322181747,3131.0823221497512,1.2140940291467331e+35,4.603142104681923e+35,2.2526428340148884e+35,0.09242316595789875,0.20055133148346063,0.013767586256639505,0.0004978510314310073
1502.0,10136560.02153418,107.22352680377662,4.633553961560739,3131.125625469758,3131.1256254377417,1.037209348597341e+35,4.453502896388958e+35,2.2827979639681577e+35,0.09230508384348296,0.20049140197552578,0.01392708056690375,0.0005051725170676175
1503.0,10136564.886765841,102.3582951426506,4.865231659638776,3131.089953536701,3131.0899535047115,8.950657065133653e+34,4.320069876013295e+35,2.3163501571146103e+35,0.09217038260198869,0.20042291595853146,0.014108936024600288,0.0005134850840921206
1504.0,10136569.995259084,97.2498019002378,5.108493242620715,3131.123997766319,3131.123997734218,7.830010446989337e+34,4.215982697592046e+35,2.350736727372326e+35,0.09201447679113965,0.20034346422185395,0.014319348059302692,0.0005230269175076175
1505.0,10136575.35917699,91.8858839944005,5.363917904751752,3131.0465613124734,3131.0465612804724,6.97269298481844e+34,4.154785369893059e+35,2.3896166519388763e+35,0.09183127777142158,0.20024984340287985,0.014566523290694827,0.000534124736098104
1506.0,10136580.99129079,86.25377019494772,5.632113799989339,3130.5026779598033,3130.5026779278487,6.314641650740012e+34,4.138789477105205e+35,2.4375149504681845e+35,0.09161234697585702,0.20013760746411854,0.014861850757734397,0.0005472301728683936
1507.0,10136586.90501028,80.34005070477724,5.9137194899888055,3130.477036216205,3130.4770361842375,5.80638157208687e+34,4.170386302827417e+35,2.4968835412612864e+35,0.09134563736955054,0.20000037844297255,0.015221629477996946,0.0005629806266434675
1508.0,10136592.454995325,74.79006565921009,5.549985044999386,3130.463541390238,3130.463541358312,5.449781935472683e+34,4.246670252425613e+35,2.570355181175343e+35,0.09105444118418232,0.1998499777967014,0.015614538627504879,0.000579856079310319
1509.0,10136597.704959992,69.54010099172592,5.24996466762437,3130.472259255446,3130.4722592235057,5.180955095790947e+34,4.356522184020619e+35,2.6518339682672627e+35,0.09073209044840716,0.19968277367428044,0.0160498319724262,0.0005981785218644989
1510.0,10136602.582187688,64.66287329606712,4.877227695682883,3130.4363111311877,3130.436311099251,4.906107940516626e+34,4.459476408304038e+35,2.740622408594362e+35,0.09037382789089395,0.1994952612607601,0.01653589325931699,0.0006182980142701871
1511.0,10136607.157023225,60.08803775906563,4.57483553762611,3130.370046455936,3130.3700464240587,4.621414056085463e+34,4.5524173601040714e+35,2.8260546263504607e+35,0.08997595209690153,0.1992851245961415,0.017078491960459366,0.0006401045848443615
1512.0,10136611.569043873,55.67601711116731,4.412020648796911,3130.3456847813386,3130.3456847494067,4.2564114673194165e+34,4.595849509800848e+35,2.90782995671971e+35,0.08952035829974046,0.1990419791042967,0.017703901296897317,0.0006643467904674422
1513.0,10136615.098660393,52.14640059135854,3.5296165190375293,3130.2930373030667,3130.293037271223,3.773982332611047e+34,4.509336458395323e+35,2.9768302367546964e+35,0.08908482725612214,0.19880713621499194,0.018305633811206156,0.0006864301163669479
1514.0,10136617.922353607,49.32270737737417,2.8236932152300236,3130.1905993361866,3130.1905993043347,3.2920462650488344e+34,4.3515721054077324e+35,2.9999007978482862e+35,0.08868713509538337,0.19859109329112673,0.018857769915425454,0.000705983799169668
1515.0,10136620.18130818,47.0637528039515,2.258954572184019,3130.160377981785,3130.16037794989,2.9295956034312675e+34,4.212617837004692e+35,2.991602290342161e+35,0.08835003559581414,0.1984078542809605,0.01932553448868843,0.0007219016479160712
1516.0,10136620.931792893,46.31326809152961,0.750484712360355,3130.3056100878775,3130.3056098374664,2.788200507690974e+34,4.147742292799075e+35,2.978017716190136e+35,0.08822974864325724,0.19834216153795498,0.019493116325169483,0.0007277232426259349
1517.0,10136621.682277605,45.562783379107714,0.750484712360355,3130.3746274950468,3130.3746274631967,2.6408610741177497e+34,4.07357885788e+35,2.967456133412181e+35,0.0881055779200397,0.19827443784929394,0.019665723676644525,0.0007335616153881736
1518.0,10136622.470286554,44.77477443031967,0.7880089479783727,3130.268732139061,3130.2687321072312,2.4981665722291885e+34,3.998990568491205e+35,2.953657123271971e+35,0.0879748814199153,0.19820310579245987,0.019847450967908152,0.0007396384675660884
1519.0,10136623.29769595,43.947365034371614,0.8274093953772914,3130.092501866657,3130.0925018349117,2.365361674320577e+34,3.9282276515746505e+35,2.9394045428367248e+35,0.08783901874843747,0.19812901010017547,0.020036205057124626,0.0007458785220171587
1520.0,10136624.166475816,43.07858516834676,0.868779865146156,3129.980212869828,3129.980212838022,2.242599342956468e+34,3.861989904098268e+35,2.9259232254726877e+35,0.08769761807246915,0.19805197250686848,0.020232455895083643,0.0007522975969697575
1521.0,10136625.078694675,42.166366308927536,0.9122188584034638,3129.981706694668,3129.9817066628666,2.127491122543032e+34,3.7988516422100714e+35,2.9134583616270385e+35,0.08755025005036503,0.19797177656683262,0.020436762192025993,0.0007589062922251607
1522.0,10136626.036524476,41.2085365075618,0.9578298013236372,3130.0564149513675,3130.0564149195898,2.0107089498280487e+34,3.730894876764994e+35,2.9016226456863997e+35,0.08739216041957688,0.19788569355349445,0.020656034034696357,0.0007659798965135049
1523.0,10136627.042245768,40.20281521603465,1.005721291389819,3130.103925444441,3130.103925412606,1.9136308246144242e+34,3.677461761087994e+35,2.8879929188848807e+35,0.0872299960282049,0.19779751676954396,0.020880648218695334,0.0007731631836435383
1524.0,10136628.098253125,39.14680785872042,1.05600735595931,3130.098424349479,3130.0984243175676,1.8086529041514107e+34,3.613771456797235e+35,2.8785138860590723e+35,0.08705726531089669,0.1977035625080777,0.02111989294188065,0.0007806847062869454
1525.0,10136629.20706085,38.0380001347512,1.1088077237572755,3130.231622573731,3130.2316225418276,1.712892152797595e+34,3.555714884470915e+35,2.8655500684903844e+35,0.08687718060879591,0.1976057366609177,0.02136900427840058,0.0007884033338261267
1526.0,10136630.371308958,36.87375202588737,1.1642481099451396,3130.2268852041616,3130.226885172363,1.6171892733030394e+34,3.494509082467992e+35,2.8539945991480336e+35,0.08668546117596036,0.1975015712944896,0.021634245281035212,0.0007966362234503782
1527.0,10136631.593769472,35.65129151195288,1.2224605154423966,3130.1391308667353,3130.1391308348957,1.5372421451052677e+34,3.446816236958862e+35,2.841057836287349e+35,0.08648811107380289,0.19739466096063257,0.02190648699415709,0.0008050355049613725
1528.0,10136632.877353013,34.36770797148347,1.2835835412145165,3130.091840561135,3130.091840529305,1.454478508721689e+34,3.393460136192535e+35,2.8321474596370204e+35,0.08627944922772018,0.1972816331571137,0.02219429942715465,0.0008139642917812819
1529.0,10136634.225115731,33.01994525268674,1.3477627182752423,3130.103920865353,3130.103920833546,1.3892368288930048e+34,3.35752574377525e+35,2.8210806415513228e+35,0.08606573224286242,0.19716607361563926,0.022488557077764704,0.000822997252305337
1530.0,10136635.640266586,31.604794397950172,1.4151508541890045,3130.1302375443784,3130.1302375125874,1.3352288172846475e+34,3.33346720014342e+35,2.8155182592738693e+35,0.08584530492838362,0.19704713828038092,0.022791462566166317,0.0008322055671007856
1531.0,10136637.126174983,30.1188860014081,1.4859083968984548,3130.139344275727,3130.1393442438975,1.2754974641344733e+34,3.301398464496589e+35,2.8138449312680545e+35,0.08560913307322279,0.1969197410617252,0.023115891851082624,0.0008420595891042032
1532.0,10136638.686378798,28.55868218652904,1.5602038167433776,3130.1578010362578,3130.1578010043627,1.2328623638892923e+34,3.2898637096948514e+35,2.809419215436326e+35,0.08536472769057124,0.19678816450734726,0.023450957849361676,0.0008520729408193744
1533.0,10136640.324592806,26.9204681776464,1.6382140075805467,3130.265549439562,3130.265549407744,1.2031835256909251e+34,3.295411902094289e+35,2.811951162014451e+35,0.08511055512064121,0.19665165010019145,0.0237986615014469,0.0008623314691071148
1534.0,10136642.044717515,25.200343469157815,1.720124707959574,3130.1783028473983,3130.1783028156024,1.1871838269105683e+34,3.3204653238412326e+35,2.820521492751396e+35,0.08484518345108226,0.19650952150985346,0.024160753784201128,0.0008728751877158138
1535.0,10136643.850848459,23.394212525337934,1.8061309433575528,3130.112559650561,3130.1125596186866,1.1865697905797818e+34,3.368770923630069e+35,2.836160879667095e+35,0.08456711580121751,0.19636108428135104,0.024539039531885402,0.000883745672534623
1536.0,10136645.747285949,21.497775034978986,1.8964374905254306,3130.1088709321584,3130.1088709003125,1.2074842050581815e+34,3.450227809044219e+35,2.8603386303171557e+35,0.08427527295761762,0.19620585811171778,0.024934788870048564,0.0008949023269299277
1537.0,10136647.738545315,19.506515668705106,1.9912593650517023,3130.118023130367,3130.118023098615,1.2576267988389495e+34,3.576913788234553e+35,2.8965835341204333e+35,0.0839671528946361,0.19604270292750295,0.02535097017262019,0.0009064181659658847
1538.0,10136649.829367649,17.41569333523512,2.0908223333042875,3130.1266539757157,3130.1266539438416,1.3498943449098254e+34,3.767610942376104e+35,2.949042946298967e+35,0.08363888586007344,0.19586979639944954,0.02579233621787016,0.0009183829336453337
1539.0,10136652.0247311,15.220329884439707,2.195363449969502,3130.194557701144,3130.1945576693197,1.5083814322544432e+34,4.055016090837062e+35,3.0237989658216588e+35,0.08328484097756193,0.1956844626720812,0.026265792376720516,0.0009309091396979747
1540.0,10136654.329862721,12.915198262780905,2.3051316224679774,3130.0442751295277,3130.0442750976813,1.7796646492521474e+34,4.49865248028364e+35,3.1307608825886825e+35,0.08289473836700248,0.19548174223739606,0.026784165170861192,0.0009442695187057859
1541.0,10136656.17396802,11.071092963218689,1.844105297974382,3129.9706399055563,3129.9706398737744,2.0767823110515107e+34,4.9569184488164354e+35,3.2865876669030653e+35,0.08254990361648591,0.19530328066717767,0.027240500400732965,0.0009556254417106655
1542.0,10136657.649252258,9.59580872580409,1.4752842383795057,3129.6014971031286,3129.6014970713672,2.4499544312641317e+34,5.487428422021692e+35,3.440613241583476e+35,0.08225949440669228,0.19515386273010302,0.027622873871906282,0.0009650417204883783
1543.0,10136658.829479648,8.41558133624494,1.1802273907036047,3129.5303258095714,3129.5303257778487,2.8997152458258647e+34,6.084434318727406e+35,3.607512849771401e+35,0.08201612132332886,0.19502930235210364,0.027941889407237262,0.0009729298779950119
1544.0,10136659.773661561,7.471399422734976,0.9441819125628838,3129.4593771071723,3129.459377075473,3.41791241757055e+34,6.734881714076821e+35,3.783574905738601e+35,0.08181262006694505,0.19492558555966474,0.02820769751349701,0.0009796179202905373
1545.0,10136660.529007092,6.716053891927004,0.755345530050307,3129.446841862321,3129.446841830586,3.984849150579511e+34,7.41739686869207e+35,3.963886101100695e+35,0.08164225882205371,0.19483900492828699,0.028429690866730358,0.0009853494350081829
1546.0,10136661.133283516,6.111777467653155,0.6042764240402456,3129.5171667260693,3129.517166694317,4.579961889067253e+34,8.112771003083438e+35,4.1425424858388744e+35,0.08150005323701062,0.19476684112877038,0.02861477688429214,0.0009902854661853842
1547.0,10136661.619920619,5.625140365213156,0.4866371032653905,3129.5852955700193,3129.5852955383302,5.175113813824734e+34,8.79822351071222e+35,4.3151544458405204e+35,0.08137997456921582,0.19470590683605335,0.028771063310004834,0.0009945784093240435
1548.0,10136662.027029052,5.21803193166852,0.4071084330605934,3129.6184477847846,3129.6184477530383,5.763699712217767e+34,9.477311028058868e+35,4.477580505448608e+35,0.08127392202947001,0.19465202844856072,0.02890921779342399,0.0009984642619689345
1549.0,10136662.378921473,4.866139510646462,0.35189242316560343,3129.618364189517,3129.61836415778,6.341475248222982e+34,1.0155584954990265e+36,4.632124928781769e+35,0.08117651169172782,0.19460244093234266,0.029036312473718212,0.0010021017168732776
1550.0,10136662.691367071,4.553693912923336,0.312445597161173,3129.5949148447457,3129.59491481299,6.898909921225913e+34,1.0834399724640678e+36,4.781075262799754e+35,0.08108377046443335,0.19455521211081223,0.029157539100571703,0.0010056022429025709
1551.0,10136662.975083983,4.269977001473308,0.28371691134519006,3129.5598513137056,3129.5598512820434,7.431121939276076e+34,1.1518888315620641e+36,4.925627656984698e+35,0.08099280095073173,0.19450873820281467,0.029276695282512102,0.0010090489634842323
1552.0,10136663.237486146,4.007574837654829,0.26240216387181503,3129.519020877581,3129.5190208458507,7.932509918431624e+34,1.2213757873549715e+36,5.067449281890019e+35,0.08090142360133698,0.19446188312696816,0.02939664590175531,0.0010125064676535323
1553.0,10136663.483516213,3.7615447714924812,0.24603006674284517,3129.4731542198906,3129.473154188197,8.398177681603628e+34,1.2900694053041366e+36,5.2079310482782416e+35,0.08080806945447368,0.194413828614866,0.029519469117526828,0.0010160221429138582
1554.0,10136663.71351864,3.531542344018817,0.23000242694882664,3129.423001420012,3129.4230013883357,7.981719551875206e+34,1.3557373409147198e+36,5.3483306269304505e+35,0.080712885360568,0.1943646686948429,0.029644986622531715,0.0010195815283236805
1555.0,10136663.93159362,3.313467364758253,0.21807498053958793,3129.3698231569997,3129.369823125307,8.44397675108923e+34,1.4238974405609805e+36,5.487147825874378e+35,0.08061436042723044,0.1943136176703205,0.029775221082615284,0.0010232352150764926
1556.0,10136664.142377894,3.102683089673519,0.210784275022541,3129.3157611418446,3129.3157611102456,8.861242563266827e+34,1.494144594147807e+36,5.627566157188263e+35,0.08051020134952817,0.19425947108218114,0.02991324342677704,0.0010270617406741053
1557.0,10136664.34599574,2.8990652449429035,0.20361784401369312,3129.2644223241355,3129.2644222924705,9.217689563574018e+34,1.566870221413316e+36,5.769507872944343e+35,0.08039997084133457,0.1942019813011302,0.03005967775888279,0.0010310683543345253
1558.0,10136664.543350732,2.7017102520912886,0.19735499430747297,3129.2185877100464,3129.218587678466,9.509689601363172e+34,1.6423221829882748e+36,5.913587673499578e+35,0.08028301935440176,0.1941407731921127,0.030215468611041966,0.0010352795191342695
1559.0,10136664.734715736,2.510345248505473,0.19136500370140536,3129.1802215583702,3129.1802215266775,9.733752039045449e+34,1.719926861728503e+36,6.060297790655293e+35,0.08015873798751703,0.1940755019257196,0.030381482412261542,0.0010397113051640737
1560.0,10136664.920582715,2.324478268623352,0.1858669807251649,3129.150291717538,3129.150291685878,9.876885054493132e+34,1.7993192796432858e+36,6.20884790363284e+35,0.08002642303984522,0.19400576627298102,0.030558727714871163,0.001044383438995481
1561.0,10136665.101703241,2.143357742577791,0.1811205247618084,3129.1290635679056,3129.1290635362543,9.931425988733357e+34,1.8800987364259985e+36,6.3588749309793115e+35,0.07988508656223677,0.19393101149430328,0.030748601631965165,0.0010493232616824034
1562.0,10136665.278882705,1.9661782793700695,0.17717946343375754,3129.1164312811884,3129.1164312495966,9.892193241354318e+34,1.9617135493366568e+36,6.510094411513327e+35,0.07973328985080984,0.19385045698597234,0.030953074300086307,0.0010545637298238122
1563.0,10136665.453025313,1.7920356709510088,0.17414261004408696,3129.1121042971927,3129.1121042655673,9.755470546283558e+34,2.0431630076984266e+36,6.662116439768238e+35,0.07956973445044217,0.1937633659451227,0.031173999941926444,0.0010601461505405703
1564.0,10136665.625276467,1.6197845172137022,0.1722511542599655,3129.115731525531,3129.1157314939555,9.51601992757526e+34,2.1269124118374777e+36,6.814094365928337e+35,0.07939245868527588,0.19366863340712423,0.03141415751078448,0.0010661333810622821
1565.0,10136665.796288447,1.4487725365906954,0.1710119803236625,3129.126898953233,3129.1268989216146,9.197122338837172e+34,2.2122622167553e+36,6.968160537828713e+35,0.07919973403930265,0.1935652691306604,0.031676032349953163,0.0010725780013828051
1566.0,10136665.966456752,1.278604231774807,0.17016830498987423,3129.1450264907126,3129.145026459116,8.80034699535497e+34,2.2963928648710887e+36,7.123401978159034e+35,0.0789895821464253,0.19345208549282833,0.03196258333265872,0.001079553962719155
1567.0,10136666.145133473,1.0999275110661983,0.17867672023936793,3129.1709585187987,3129.17095848714,8.291981531626064e+34,2.380470752193071e+36,7.279280722423943e+35,0.07874622217149532,0.19332048747083547,0.03229556042189009,0.0010875734531184632
1568.0,10136666.332744028,0.9123169556260109,0.18761055625133635,3129.2042722068923,3129.2042721752346,7.6934466674066795e+34,2.4646157999303073e+36,7.440918951926733e+35,0.07846536330012628,0.19316802989426476,0.032681088658509085,0.0010967144438357615
1569.0,10136666.515432226,0.7296287585049868,0.18268819775894807,3129.240530833097,3129.240530801428,7.094927445486551e+34,2.5409219585919595e+36,7.609547218347474e+35,0.07816525002893114,0.1930044197259476,0.033094539048288685,0.0011063992548438954
1570.0,10136666.707254833,0.5378061514347792,0.1918226076468955,3129.2805107376003,3129.280510706012,6.424947054424178e+34,2.6001512161570504e+36,7.771324507937885e+35,0.07781089049871318,0.1928099257301431,0.03358555073506209,0.0011178492722090216
1571.0,10136666.908668572,0.3363924119621515,0.20141373802924029,3129.3213658552763,3129.3213658235777,5.670932055452079e+34,2.6404320819762696e+36,7.922056657180253e+35,0.07739826127889449,0.19258194666069722,0.03416047453066666,0.0011312332289587607
1572.0,10136667.120152997,0.12490798719227314,0.21148442493070232,3129.2928528483485,3129.2928528167836,4.892912289371382e+34,2.643612585102177e+36,8.060285084979545e+35,0.07691349742097192,0.19231305490697978,0.03483812038839495,0.001146831706985994
1573.0,10136667.245060984,0.0,0.12490798847469606,3129.3113544094813,3129.3113543778377,4.34391162803435e+34,2.6295394848185468e+36,8.165205312271351e+35,0.07660593280345507,0.19214120358324363,0.035270659121295816,0.0011569988269540057
