slice,mass (Msun),coupling,age (years),time to core O depletion (years),dt (years),core T (K),effective T (K),surface lum_gamma (ergs/s),surface lum_neu (ergs/s),surface lum_a (ergs/s),cumulative e_gamma (ergs),cumulative e_neu (ergs),cumulative e_a (ergs),avg X_c12,avg X_o16,avg X_ne20,avg X_na23
1.0,20.0,-10.0,1e-05,61711.88304865573,1e-05,545057.6605389512,4222.55255433503,3.1687369297530504e+16,0.0,0.0,9.99292878166922e+18,0.0,0.0,0.0025160005251709974,0.006102550859362312,0.00132554747422226,0.0
94.0,20.0,-10.0,1000.0,60711.88305865573,8.174536071361466,806427.0329997039,4460.930469793806,1.9869510662560686e+19,0.0,0.0,5.122204271520872e+27,0.0,0.0,0.002516000525170997,0.006102550859362312,0.0013255474742222605,0.0
95.0,20.0,-10.0,1009.8094432856338,60702.0736153701,9.809443285633758,807892.4412354649,4103.298783508689,3.6097906944760054e+18,0.0,0.0,6.238895201205961e+27,0.0,0.0,0.002488995312584066,0.006083494621983943,0.0012321516160785184,1.0000000000000002e-99
96.0,20.0,-10.0,1020.1093587355492,60691.77369992018,10.29991544991545,809743.4174384279,4101.057027092673,3.7222840991902746e+18,0.0,0.0,7.447960575140114e+27,0.0,0.0,0.002488995312584066,0.006083494621983941,0.0012321516160785182,5.871412273964176e-100
97.0,20.0,-10.0,1030.9242699579604,60680.95878869777,10.814911222411222,811359.549946579,4101.614010858586,3.8420457001134833e+18,0.0,0.0,8.758324994447828e+27,0.0,0.0,0.002488995312584066,0.00608349462198394,0.0012321516160785184,8.391973952844808e-100
98.0,20.0,-10.0,1042.279926741492,60669.603131914235,11.355656783531783,813061.4573621068,4102.138192247624,3.9715016693113615e+18,0.0,0.0,1.0180567369768803e+28,0.0,0.0,0.0024889953125840658,0.006083494621983942,0.0012321516160785182,1.120883827460949e-99
99.0,20.0,-10.0,1054.2033663642005,60657.67969229153,11.923439622708374,814851.0137413574,4102.900272721728,4.111863490787482e+18,0.0,0.0,1.1726700377967834e+28,0.0,0.0,0.0024889953125840666,0.006083494621983941,0.0012321516160785184,1.120883827460949e-99
100.0,20.0,-10.0,1066.7229779680445,60645.16008068769,12.519611603843794,816732.8349063266,4103.860886766077,4.264309002536262e+18,0.0,0.0,1.3410328340518422e+28,0.0,0.0,0.0024889953125840666,0.006083494621983943,0.0012321516160785184,1.120883827460949e-99
101.0,20.0,-10.0,1079.8685701520803,60632.01448850365,13.145592184035984,818712.3958034308,4104.867739281458,4.430184992209503e+18,0.0,0.0,1.5246903151139707e+28,0.0,0.0,0.0024889953125840666,0.006083494621983941,0.0012321516160785184,1.1208838274609492e-99
102.0,20.0,-10.0,1093.671441945318,60618.21161671041,13.802871793237784,820795.0173915052,4105.923837942909,4.6109740554123494e+18,0.0,0.0,1.725400189721122e+28,0.0,0.0,0.0024889953125840666,0.006083494621983943,0.0012321516160785184,1.120883827460949e-99
103.0,20.0,-10.0,1108.1644573282178,60603.71860132751,14.493015382899674,822986.8083509862,4107.03181006947,4.808388620393308e+18,0.0,0.0,1.9451684249653021e+28,0.0,0.0,0.0024889953125840666,0.006083494621983941,0.0012321516160785184,1.120883827460949e-99
104.0,20.0,-10.0,1123.3821234802626,60588.50093517547,15.217666152044659,825294.249441431,4108.194417465923,5.02437894297325e+18,0.0,0.0,2.1862905408551735e+28,0.0,0.0,0.0024889953125840666,0.006083494621983943,0.0012321516160785184,1.120883827460949e-99
105.0,20.0,-10.0,1139.3606729399094,60572.52238571582,15.978549459646892,827723.898118653,4109.414753522022,5.261148262058855e+18,0.0,0.0,2.4513995575364695e+28,0.0,0.0,0.0024889953125840666,0.006083494621983941,0.0012321516160785184,1.1208838274609488e-99
106.0,20.0,-10.0,1156.1381498725386,60555.74490878319,16.777476932629238,830283.4723616608,4110.696257756887,5.521290700470603e+18,0.0,0.0,2.7435280187162658e+28,0.0,0.0,0.0024889953125840666,0.006083494621983943,0.0012321516160785184,1.1208838274609488e-99
107.0,20.0,-10.0,1173.7545006517994,60538.12855800393,17.616350779260703,832980.310686799,4112.042873443032,5.807719037916508e+18,0.0,0.0,3.0661754074210256e+28,0.0,0.0,0.0024889953125840666,0.006083494621983941,0.0012321516160785184,1.120883827460949e-99
108.0,20.0,-10.0,1192.251668970023,60519.63138968571,18.497168318223736,835822.280381006,4113.384348870143,6.123800744701907e+18,0.0,0.0,3.423393055458612e+28,0.0,0.0,0.0024889953125840666,0.006083494621983941,0.0012321516160785182,1.1208838274609488e-99
109.0,20.0,-10.0,1211.673695704158,60500.20936295157,19.422026734134924,838817.5403684742,4114.499063359513,6.473410031334444e+18,0.0,0.0,3.819884911204518e+28,0.0,0.0,0.0024889953125840666,0.006083494621983941,0.0012321516160785182,1.120883827460949e-99
110.0,20.0,-10.0,1232.0668237749996,60479.81623488073,20.393128070841673,841975.9374434239,4116.041943329494,6.861186438295281e+18,0.0,0.0,4.261139946323377e+28,0.0,0.0,0.0024889953125840666,0.006083494621983941,0.0012321516160785184,1.120883827460949e-99
111.0,20.0,-10.0,1253.4796082493833,60458.403450406346,21.412784474383756,845307.1233260146,4117.649133019549,7.292446672282685e+18,0.0,0.0,4.753579597029619e+28,0.0,0.0,0.0024889953125840666,0.006083494621983941,0.0012321516160785182,1.1208838274609488e-99
112.0,20.0,-10.0,1275.9630319474863,60435.92002670824,22.483423698102946,848821.6100004733,4119.316115444192,7.773440125054896e+18,0.0,0.0,5.304745457760991e+28,0.0,0.0,0.0024889953125840666,0.006083494621983941,0.0012321516160785184,1.1208838274609488e-99
113.0,20.0,-10.0,1299.5706268304943,60412.31243182524,23.607594883008094,852530.7243547277,4121.081370549843,8.311526082054615e+18,0.0,0.0,5.923529525171975e+28,0.0,0.0,0.0024889953125840658,0.006083494621983942,0.0012321516160785182,1.1208838274609486e-99
114.0,20.0,-10.0,1324.3586014576529,60387.52445719808,24.787974627158498,856446.0540162483,4122.857069619988,8.915312552864241e+18,0.0,0.0,6.620451603584645e+28,0.0,0.0,0.002488995312584066,0.006083494621983943,0.0012321516160785184,1.120883827460949e-99
115.0,20.0,-10.0,1350.3859748161692,60361.49708383956,26.027373358516424,860580.3055259227,4124.693581149592,9.595033650833994e+18,0.0,0.0,7.408011242404253e+28,0.0,0.0,0.0024889953125840658,0.006083494621983942,0.0012321516160785182,1.120883827460949e-99
116.0,20.0,-10.0,1377.7147168426116,60334.16834181312,27.32874202644225,864952.0914173202,4127.907010796801,1.0363715162912082e+19,0.0,0.0,8.301196849764165e+28,0.0,0.0,0.0024889953125840666,0.006083494621983943,0.0012321516160785184,1.120883827460949e-99
117.0,20.0,-10.0,1406.409895970376,60305.47316268535,28.695179127764362,869571.4612724836,4129.88012245749,1.1235241986889927e+19,0.0,0.0,9.317908916253448e+28,0.0,0.0,0.0024889953125840666,0.006083494621983941,0.0012321516160785184,1.1208838274609488e-99
118.0,20.0,-10.0,1436.5398340545287,60275.3432246012,30.129938084152585,874453.750243662,4131.77394216801,1.2227019959225528e+19,0.0,0.0,1.0479693120053282e+29,0.0,0.0,0.0024889953125840666,0.006083494621983941,0.0012321516160785182,1.120883827460949e-99
119.0,20.0,-10.0,1468.1762690428889,60243.70678961284,31.636434988360215,879616.7615185439,4133.878718202435,1.3360297248164649e+19,0.0,0.0,1.1812632092132117e+29,0.0,0.0,0.002488995312584066,0.006083494621983943,0.0012321516160785184,1.120883827460949e-99
120.0,20.0,-10.0,1501.394525780667,60210.48853287506,33.218256737778226,885079.5463194067,4136.050119883544,1.466082376724422e+19,0.0,0.0,1.3348457392206577e+29,0.0,0.0,0.0024889953125840666,0.006083494621983941,0.0012321516160785184,1.1208838274609492e-99
121.0,20.0,-10.0,1536.2736953553342,60175.6093633004,34.87916957466714,890861.4615989629,4138.314035109413,1.6159699087181337e+19,0.0,0.0,1.5125942671914414e+29,0.0,0.0,0.0024889953125840666,0.006083494621983941,0.0012321516160785182,1.1208838274609488e-99
122.0,20.0,-10.0,1572.8968234087347,60138.98623524699,36.6231280534005,896985.0905377377,4140.670772404408,1.7895447400720132e+19,0.0,0.0,1.719277194050446e+29,0.0,0.0,0.0024889953125840666,0.006083494621983941,0.0012321516160785184,1.120883827460949e-99
123.0,20.0,-10.0,1611.3511078648053,60100.53195079092,38.454284456070525,903475.7416109319,4143.130188227863,1.9915857659388195e+19,0.0,0.0,1.9607956675909977e+29,0.0,0.0,0.0024889953125840666,0.006083494621983941,0.0012321516160785182,1.1208838274609488e-99
124.0,20.0,-10.0,1651.7281065436796,60060.154952112054,40.37699867887406,910358.9719760244,4145.695374972045,2.2279662405849465e+19,0.0,0.0,2.2444890768657517e+29,0.0,0.0,0.0024889953125840666,0.006083494621983941,0.0012321516160785184,1.120883827460949e-99
125.0,20.0,-10.0,1694.1239551564975,60017.75910349924,42.395848612817765,917663.6939012808,4148.371773269612,2.5060540253959377e+19,0.0,0.0,2.5795473677893467e+29,0.0,0.0,0.0024889953125840666,0.006083494621983941,0.0012321516160785182,1.1208838274609488e-99
126.0,20.0,-10.0,1738.639596199956,59973.24346245577,44.51564104345865,925423.4525561947,4151.172137657936,2.835197822608293e+19,0.0,0.0,2.9775652690832e+29,0.0,0.0,0.0024889953125840666,0.006083494621983941,0.0012321516160785184,1.1208838274609417e-99
127.0,20.0,-10.0,1785.3810192955877,59926.502039360144,46.74142309563159,933674.2773870938,4154.104065718908,3.2272298063932686e+19,0.0,0.0,3.453271050706409e+29,0.0,0.0,0.0024889953125840666,0.006083494621983941,0.0012321516160785182,1.1208838274609417e-99
128.0,20.0,-10.0,1834.4595135460008,59877.42354510973,49.07849425041317,942456.039050259,4157.174769335887,3.697286817838541e+19,0.0,0.0,4.025514696846767e+29,0.0,0.0,0.0024889953125840666,0.006083494621983941,0.0012321516160785184,1.1208838274609417e-99
129.0,20.0,-10.0,1885.9919325089347,59825.891126146795,51.53241896293383,951813.63994173,4160.394361551682,4.264933422315907e+19,0.0,0.0,4.718620271554829e+29,0.0,0.0,0.0024889953125840666,0.006083494621983941,0.0012321516160785182,1.1208838274609415e-99
130.0,20.0,-10.0,1940.100972420015,59771.78208623572,54.10903991108053,961797.453388613,4163.772943690148,4.95568138899125e+19,0.0,0.0,5.564249161838366e+29,0.0,0.0,0.0024889953125840666,0.006083494621983941,0.0012321516160785184,1.1208838274609417e-99
131.0,20.0,-10.0,1996.9154643266495,59714.96759432908,56.81449190663456,972463.9278498192,4167.319595263752,5.803119515019181e+19,0.0,0.0,6.60399513963632e+29,0.0,0.0,0.0024889953125840666,0.006083494621983941,0.0012321516160785182,1.1208838274609417e-99
132.0,20.0,-10.0,2056.570680828616,59655.31237782711,59.65521650196629,983876.4158729914,4171.04250137665,6.851926697616918e+19,0.0,0.0,7.8930391384466e+29,0.0,0.0,0.0024889953125840666,0.006083494621983941,0.0012321516160785184,1.1208838274609417e-99
133.0,20.0,-10.0,2119.2086581556805,59592.67440050005,62.63797732706461,996104.9621794837,4174.809120189085,8.162053960764955e+19,0.0,0.0,9.505331490280492e+29,0.0,0.0,0.0024889953125840666,0.006083494621983941,0.0012321516160785184,1.1208838274609417e-99
134.0,20.0,-10.0,2184.9785343490985,59526.904524306636,65.76987619341784,1009233.2787376208,4178.826732301829,9.815637176135143e+19,0.0,0.0,1.1541211265727936e+30,0.0,0.0,0.0024889953125840666,0.006083494621983943,0.0012321516160785184,1.1208838274609417e-99
135.0,20.0,-10.0,2254.036904352187,59457.846154303545,69.05837000308874,1023351.6817973312,4182.8241261717,1.1925328487216656e+20,0.0,0.0,1.4138338826514954e+30,0.0,0.0,0.0024889953125840666,0.006083494621983941,0.0012321516160785184,1.1208838274609417e-99
136.0,20.0,-10.0,2326.54819285543,59385.3348658003,72.51128850324318,1038560.3859395884,4186.02949236832,1.4647733073812183e+20,0.0,0.0,1.7487859376436885e+30,0.0,0.0,0.0024889953125840666,0.006083494621983941,0.0012321516160785184,1.1208838274609415e-99
137.0,20.0,-10.0,2402.6850457838354,59309.19801287189,76.13685292840533,1054992.6377185644,4190.393375313304,1.8208314651555335e+20,0.0,0.0,2.1859770032329533e+30,0.0,0.0,0.0024889953125840666,0.006083494621983941,0.0012321516160785182,1.1208838274609415e-99
138.0,20.0,-10.0,2482.6287413586615,59229.25431729707,79.9436955748256,1072799.5041854521,4195.218012865386,2.293243762437259e+20,0.0,0.0,2.764127693458285e+30,0.0,0.0,0.0024889953125840666,0.006083494621983941,0.0012321516160785184,1.1208838274609417e-99
139.0,20.0,-10.0,2566.569621712228,59145.3134369435,83.94088035356688,1092153.3914538159,4200.024593554222,2.929737775107277e+20,0.0,0.0,3.539676041973213e+30,0.0,0.0,0.0024889953125840666,0.006083494621983943,0.0012321516160785186,1.1208838274609417e-99
140.0,20.0,-10.0,2654.7075460834735,59057.175512572256,88.13792437124523,1113246.9379658496,4203.6672215656035,3.8013120015756657e+20,0.0,0.0,4.596257396647262e+30,0.0,0.0,0.0024889953125840666,0.006083494621983943,0.0012321516160785184,1.1208838274609415e-99
141.0,20.0,-10.0,2747.252366673281,58964.63069198245,92.5448205898075,1136344.382125504,4209.139344674382,5.018174748160232e+20,0.0,0.0,6.060808416075479e+30,0.0,0.0,0.0024889953125840666,0.006083494621983943,0.0012321516160785184,1.1208838274609417e-99
142.0,20.0,-10.0,2844.424428292579,58867.45863036315,97.17206161929788,1161729.6053552015,4214.168674677864,6.751375446829886e+20,0.0,0.0,8.129712151774104e+30,0.0,0.0,0.0024889953125840666,0.006083494621983943,0.0012321516160785184,1.1208838274609417e-99
143.0,20.0,-10.0,2946.455092992842,58765.427965662886,102.03066470026278,1189752.6499301856,4220.177733742009,9.275804796791862e+20,0.0,0.0,1.1114331317775333e+31,0.0,0.0,0.0024889953125840666,0.006083494621983941,0.0012321516160785182,1.1208838274609415e-99
144.0,20.0,-10.0,3044.634654643146,58667.248404012586,98.17956165030424,1218086.1634312528,4225.295123860297,1.2664614060155645e+21,0.0,0.0,1.5035537289523698e+31,0.0,0.0,0.002488995312584066,0.006083494621983943,0.0012321516160785184,1.1208838274609417e-99
145.0,20.0,-10.0,3140.592156192386,58571.29090246334,95.95750154923999,1247185.5090021705,4231.8128842677115,1.7269559615740612e+21,0.0,0.0,2.0261505956964278e+31,0.0,0.0,0.0024889953125840658,0.006083494621983941,0.0012321516160785184,1.1208838274608958e-99
146.0,20.0,-10.0,3235.0555932667753,58476.82746538895,94.46343707438946,1277307.238176758,4238.853458132283,2.3575744201539432e+21,0.0,0.0,2.728471768286986e+31,0.0,0.0,0.002488995312584066,0.006083494621983941,0.0012321516160785182,1.1208838274608958e-99
147.0,20.0,-10.0,3328.341890426678,58383.54116822905,93.28629715990255,1308635.6624702627,4250.189171542314,3.2266963058365327e+21,0.0,0.0,3.6777260257262716e+31,0.0,0.0,0.0024889953125840666,0.006083494621983941,0.0012321516160785188,1.120883827460896e-99
148.0,20.0,-10.0,3420.5530065005887,58291.33005215514,92.21111607391062,1341573.4085936048,4281.2235782488515,4.4421055999199507e+21,0.0,0.0,4.969476899703963e+31,0.0,0.0,0.002488995312584066,0.006083494621983943,0.0012321516160785184,1.1208838274608958e-99
149.0,20.0,-10.0,3511.558066625437,58200.32499203029,91.005060124848,1375947.8696496536,4320.011750471666,6.136479669713166e+21,0.0,0.0,6.730607031314668e+31,0.0,0.0,0.002488995312584066,0.006083494621983941,0.0012321516160785184,1.120883827460896e-99
150.0,20.0,-10.0,3601.223013562513,58110.66004509322,89.66494693707666,1411500.9224785122,4365.348919929541,8.482125753212392e+21,0.0,0.0,9.12907547905725e+31,0.0,0.0,0.0024889953125840666,0.006083494621983941,0.0012321516160785184,1.1208838274608962e-99
151.0,20.0,-10.0,3689.657095802631,58022.2259628531,88.43408224011718,1448127.5254059457,4414.946025178525,1.1717510606970253e+22,0.0,0.0,1.2396921881823945e+32,0.0,0.0,0.0024889953125840658,0.006083494621983941,0.0012321516160785184,1.1208838274608958e-99
152.0,20.0,-10.0,3777.077677076904,57934.80538157883,87.42058127427305,1485829.1377236496,4473.92264159643,1.6175826992021734e+22,0.0,0.0,1.685642826697663e+32,0.0,0.0,0.0024889953125840666,0.006083494621983941,0.0012321516160785188,1.120883827460896e-99
153.0,20.0,-10.0,3863.699181554346,57848.183877101386,86.62150447744186,1524619.6456886493,4537.520864796999,2.2316682588352525e+22,0.0,0.0,2.29526669989695e+32,0.0,0.0,0.0024889953125840658,0.006083494621983942,0.0012321516160785184,1.1208838274608958e-99
154.0,20.0,-10.0,3949.7090318931537,57762.17402676258,86.0098503388078,1564519.3513540667,4609.338883234548,3.0776255243270117e+22,0.0,0.0,3.1300438907463593e+32,0.0,0.0,0.0024889953125840658,0.006083494621983942,0.0012321516160785184,1.1208838274608958e-99
155.0,20.0,-10.0,4035.27591167804,57676.607146977694,85.56687978488617,1605544.191724874,4682.4655685410935,4.243755856741363e+22,0.0,0.0,4.2751947243315016e+32,0.0,0.0,0.0024889953125840666,0.00608349462198394,0.0012321516160785184,1.120883827460896e-99
156.0,20.0,-10.0,4120.556822879183,57591.32623577655,85.28091120114252,1647712.5734697606,4763.333128914403,5.853842541333687e+22,0.0,0.0,5.84953815177672e+32,0.0,0.0,0.002488995312584066,0.006083494621983941,0.0012321516160785184,1.120883827460896e-99
157.0,20.0,-10.0,4205.702338258166,57506.18072039756,85.14551537898281,1691033.438693436,4845.718280083258,8.082890843805686e+22,0.0,0.0,8.019914756581527e+32,0.0,0.0,0.0024889953125840658,0.006083494621983942,0.0012321516160785182,1.1208838274608958e-99
158.0,20.0,-10.0,4295.105129406097,57416.777929249634,89.40279114793195,1737773.8602447258,4934.805731251961,1.1366666529517462e+23,0.0,0.0,1.1224640017179069e+33,0.0,0.0,0.002488995312584066,0.006083494621983939,0.0012321516160785182,1.1208838274608962e-99
159.0,20.0,-10.0,4388.978060111426,57322.904998544305,93.87293070532856,1788120.9678750169,5031.88288130013,1.6310176668603395e+23,0.0,0.0,1.6053066785123142e+33,0.0,0.0,0.0024889953125840658,0.006083494621983941,0.0012321516160785184,1.1208838274608958e-99
160.0,20.0,-10.0,4478.846637421695,57233.036421234036,89.8685773102684,1837398.6222703883,5128.927670104978,2.313134516397982e+23,0.0,0.0,2.2608710802668132e+33,0.0,0.0,0.002488995312584066,0.006083494621983939,0.0012321516160785182,1.1208838274608946e-99
161.0,20.0,-10.0,4545.043460772878,57166.839597882856,66.1968233511828,1874268.826834378,5199.617835416787,2.9985781284214245e+23,0.0,0.0,2.886849159131107e+33,0.0,0.0,0.0024889953125840658,0.00608349462198394,0.0012321516160785184,1.1208838274608946e-99
162.0,20.0,-10.0,4611.24028412406,57100.64277453167,66.1968233511828,1911641.9718033925,5273.358248975145,3.9002959343226e+23,0.0,0.0,3.7010683161469635e+33,0.0,0.0,0.0024889953125840666,0.00608349462198394,0.0012321516160785184,1.1208838274608946e-99
163.0,20.0,-10.0,4663.370282513116,57048.51277614261,52.12999838905646,1941380.1159742514,5331.236819939536,4.8077274879002404e+23,0.0,0.0,4.491445075248956e+33,0.0,0.0,0.002488995312584066,0.00608349462198394,0.001232151616078518,1.1208838274608944e-99
164.0,20.0,-10.0,4715.500280902173,56996.382777753555,52.12999838905646,1971378.1283682885,5390.433090054651,5.9417265160677575e+23,0.0,0.0,5.468248057335417e+33,0.0,0.0,0.0024889953125840666,0.006083494621983941,0.0012321516160785184,1.1208838274608948e-99
165.0,20.0,-10.0,4770.236779210681,56941.64627944505,54.73649830850929,2003135.0406472036,5452.3472619120885,7.444672068206945e+23,0.0,0.0,6.753325172560435e+33,0.0,0.0,0.0024889953125840658,0.006083494621983941,0.0012321516160785184,1.1208838274608946e-99
166.0,20.0,-10.0,4813.341771628632,56898.541287027096,43.10499241795107,2028304.5740374234,5501.633489415245,8.906636700117001e+23,0.0,0.0,7.964056884785338e+33,0.0,0.0,0.002488995312584067,0.006083494621983941,0.0012321516160785186,1.1208838274608946e-99
167.0,20.0,-10.0,4856.446764046583,56855.43629460915,43.10499241795107,2053609.9921902544,5551.807262538343,1.067656752542943e+24,0.0,0.0,9.415385743924519e+33,0.0,0.0,0.0024889953125840658,0.006083494621983941,0.0012321516160785184,1.1208838274608946e-99
168.0,20.0,-10.0,4890.39194557572,56821.49111308001,33.94518152913646,2073623.8978746093,5590.639550749889,1.232702319248079e+24,0.0,0.0,1.073498771481376e+34,0.0,0.0,0.0024889953125840658,0.006083494621983942,0.0012321516160785184,1.1208838274608946e-99
169.0,20.0,-10.0,4924.337127104855,56787.54593155088,33.94518152913646,2093711.0621026312,5630.475026104498,1.4248758600350914e+24,0.0,0.0,1.2260310547273207e+34,0.0,0.0,0.002488995312584066,0.006083494621983941,0.0012321516160785182,1.1208838274608946e-99
170.0,20.0,-10.0,4959.9795677104485,56751.90349094528,35.642440605593286,2114876.784932312,5671.9796284854465,1.6609756951367745e+24,0.0,0.0,1.4127280459644678e+34,0.0,0.0,0.0024889953125840658,0.00608349462198394,0.001232151616078518,1.1208838274608946e-99
171.0,20.0,-10.0,4997.404130346322,56714.47892830941,37.42456263587295,2137174.9906332423,5715.411762262642,1.953386539582762e+24,0.0,0.0,1.643270828900779e+34,0.0,0.0,0.0024889953125840658,0.006083494621983942,0.0012321516160785184,1.1208838274608946e-99
172.0,20.0,-10.0,5036.699921113988,56675.18313754174,39.2957907676666,2160659.552878173,5760.991668106777,2.3184334399024602e+24,0.0,0.0,1.9305785331260675e+34,0.0,0.0,0.0024889953125840658,0.00608349462198394,0.001232151616078518,1.1208838274608944e-99
173.0,20.0,-10.0,5077.960501420038,56633.922557235695,41.26058030604994,2185391.129770018,5809.856131951084,2.777796689863147e+24,0.0,0.0,2.292023677435624e+34,0.0,0.0,0.002488995312584066,0.006083494621983941,0.0012321516160785184,1.1208838274608946e-99
174.0,20.0,-10.0,5121.28411074139,56590.59894791434,43.32360932135243,2211426.992547595,5860.681641485134,3.3601557467162616e+24,0.0,0.0,2.751106079818353e+34,0.0,0.0,0.0024889953125840666,0.006083494621983942,0.0012321516160785186,1.1208838274608996e-99
175.0,20.0,-10.0,5155.401453081954,56556.481605573776,34.11734234056504,2231972.595699368,5900.25554698359,3.9023517626027224e+24,0.0,0.0,3.1709696698607953e+34,0.0,0.0,0.0024889953125840658,0.006083494621983941,0.0012321516160785184,1.1208838274608994e-99
176.0,20.0,-10.0,5189.518795422519,56522.36426323321,34.11734234056504,2252554.8973000944,5940.811598841942,4.531051964885696e+24,0.0,0.0,3.6584766554885913e+34,0.0,0.0,0.0024889953125840658,0.006083494621983941,0.0012321516160785184,1.1208838274608994e-99
177.0,20.0,-10.0,5225.342004880113,56486.54105377562,35.82320945759329,2274198.244546217,5982.498808485679,5.297850850112885e+24,0.0,0.0,4.256985850300885e+34,0.0,0.0,0.002488995312584066,0.006083494621983941,0.0012321516160785184,1.1208838274608994e-99
178.0,20.0,-10.0,5262.956374810586,56448.926683845144,37.61436993047296,2296955.8365768134,6026.655715465886,6.237416275244064e+24,0.0,0.0,4.996872391680616e+34,0.0,0.0,0.0024889953125840666,0.006083494621983942,0.0012321516160785186,1.1208838274608996e-99
179.0,20.0,-10.0,5302.451463237582,56409.43159541815,39.49508842699661,2320877.7526256484,6071.854905854927,7.393207547252657e+24,0.0,0.0,5.917709040458962e+34,0.0,0.0,0.0024889953125840658,0.006083494621983942,0.0012321516160785184,1.1208838274608994e-99
180.0,20.0,-10.0,5343.921306085929,56367.9617525698,41.46984284834644,2346022.4194105393,6121.029084309517,8.819919191376587e+24,0.0,0.0,7.071171866669778e+34,0.0,0.0,0.0024889953125840666,0.006083494621983942,0.0012321516160785186,1.1208838274608984e-99
181.0,20.0,-10.0,5387.464641076693,56324.418417579036,43.54333499076377,2372443.4801320066,6171.794541161023,1.0585448936523815e+25,0.0,0.0,8.524747308939076e+34,0.0,0.0,0.0024889953125840658,0.006083494621983941,0.0012321516160785182,1.120883827460898e-99
182.0,20.0,-10.0,5433.185142816995,56278.69791583873,45.720501740301955,2400196.6593892626,6224.567751240373,1.2773776898011312e+25,0.0,0.0,1.036652378352073e+35,0.0,0.0,0.002488995312584066,0.006083494621983941,0.0012321516160785184,1.1208838274608984e-99
183.0,20.0,-10.0,5481.191669644312,56230.691389011416,48.00652682731705,2429347.274253243,6280.157665635274,1.548850015580991e+25,0.0,0.0,1.2711380219745508e+35,0.0,0.0,0.0024889953125840658,0.006083494621983941,0.0012321516160785184,1.120883827460898e-99
184.0,20.0,-10.0,5531.598522812995,56180.28453584274,50.40685316868291,2459951.4895545715,6338.370851285848,1.88550081740543e+25,0.0,0.0,1.5708629867458388e+35,0.0,0.0,0.0024889953125840666,0.006083494621983941,0.0012321516160785182,1.1208838274608982e-99
185.0,20.0,-10.0,5584.525718640112,56127.35734001562,52.92719582711705,2492068.996026916,6398.801210417282,2.3024704758123804e+25,0.0,0.0,1.955171107788926e+35,0.0,0.0,0.0024889953125840666,0.006083494621983942,0.0012321516160785186,1.1208838274608984e-99
186.0,20.0,-10.0,5640.099274258586,56071.78378439714,55.573555618472916,2525765.060863967,6461.988814794517,2.8179704813706136e+25,0.0,0.0,2.4490394982149695e+35,0.0,0.0,0.0024889953125840658,0.006083494621983941,0.0012321516160785182,1.1208838274608978e-99
187.0,20.0,-10.0,5698.451507657982,56013.431550997746,58.35223339939657,2561105.007177136,6528.488840003686,3.453806600773704e+25,0.0,0.0,3.084607618585834e+35,0.0,0.0,0.0024889953125840666,0.006083494621983942,0.0012321516160785186,1.1208838274608984e-99
188.0,20.0,-10.0,5759.721352727349,55952.16170592838,61.26984506936639,2598148.193455798,6597.263029467686,4.236037282935314e+25,0.0,0.0,3.9030972137443e+35,0.0,0.0,0.0024889953125840666,0.006083494621983942,0.0012321516160785186,1.1208838274608984e-99
189.0,20.0,-10.0,5824.054690050183,55887.82836860555,64.33333732283472,2636963.644926914,6669.2799527084035,5.196316019746076e+25,0.0,0.0,4.957334187312383e+35,0.0,0.0,0.002488995312584066,0.006083494621983939,0.0012321516160785184,1.1208838274608982e-99
190.0,20.0,-10.0,5891.6046942391595,55820.27836441657,67.55000418897646,2677616.9167007245,6743.7565533710085,6.373298194642226e+25,0.0,0.0,6.315010453262354e+35,0.0,0.0,0.0024889953125840666,0.006083494621983941,0.0012321516160785182,1.1208838274608982e-99
191.0,20.0,-10.0,5962.532198637585,55749.350860018145,70.92750439842528,2720178.9638498956,6821.565211752628,7.815013990780913e+25,0.0,0.0,8.063049164738826e+35,0.0,0.0,0.0024889953125840658,0.006083494621983941,0.0012321516160785182,1.110598550561898e-99
192.0,20.0,-10.0,6037.006078255931,55674.8769803998,74.47387961834654,2764719.33221195,6902.428465712454,9.581587805745433e+25,0.0,0.0,1.0313388798512061e+36,0.0,0.0,0.0024889953125840666,0.006083494621983941,0.0012321516160785182,1.11647740351738e-99
193.0,20.0,-10.0,6115.203651855195,55596.67940680053,78.19757359926388,2811309.34190797,6986.277293788796,1.1748917901604922e+26,0.0,0.0,1.321071739906817e+36,0.0,0.0,0.0024889953125840666,0.006083494621983941,0.0012321516160785182,1.099735813942612e-99
194.0,20.0,-10.0,6197.311104134422,55514.57195452131,82.10745227922708,2860024.022785561,7073.001487048215,1.4413285959813943e+26,0.0,0.0,1.694280807231572e+36,0.0,0.0,0.0024889953125840666,0.006083494621983941,0.0012321516160785182,1.1041254980249877e-99
195.0,20.0,-10.0,6283.5239290276095,55428.35912962812,86.21282489318843,2910939.892022556,7163.083966343768,1.7696989685051585e+26,0.0,0.0,2.1754279158707825e+36,0.0,0.0,0.0024889953125840666,0.006083494621983941,0.0012321516160785182,1.1208838274608982e-99
196.0,20.0,-10.0,6374.0473951654585,55337.835663490274,90.52346613784785,2964134.801539826,7255.953803005123,2.175555405622941e+26,0.0,0.0,2.7964941662982616e+36,0.0,0.0,0.002488995312584066,0.006083494621983939,0.0012321516160785184,1.0999130348051114e-99
197.0,20.0,-10.0,6469.0970346101985,55242.786024045534,95.04963944474025,3019689.878250374,7352.287807702528,2.6787139280751058e+26,0.0,0.0,3.599434763226502e+36,0.0,0.0,0.0024889953125840658,0.00608349462198394,0.0012321516160785182,1.1081305593288432e-99
198.0,20.0,-10.0,6568.899156027175,55142.983902628555,99.80212141697726,3077686.985298618,7451.324964707115,3.3044310227113586e+26,0.0,0.0,4.6394580667900115e+36,0.0,0.0,0.0024889953125840658,0.006083494621983941,0.0012321516160785182,1.1089822727245994e-99
199.0,20.0,-10.0,6673.691383515002,55038.191675140726,104.79222748782612,3138213.572538763,7553.412681060638,4.084997363211133e+26,0.0,0.0,5.989438455157006e+36,0.0,0.0,0.0024889953125840658,0.00608349462198394,0.0012321516160785182,1.0956028095947818e-99
200.0,20.0,-10.0,6783.723222377219,54928.159836278515,110.03183886221743,3201361.2455399577,7658.82547809454,5.061744689574076e+26,0.0,0.0,7.745845675772201e+36,0.0,0.0,0.0024889953125840658,0.006083494621983941,0.0012321516160785184,1.1208838274608982e-99
201.0,20.0,-10.0,6899.256653182548,54812.62640547318,115.53343080532831,3267226.0289007723,7767.191155325162,6.28765887469679e+26,0.0,0.0,1.0036730465868662e+37,0.0,0.0,0.0024889953125840658,0.006083494621983941,0.0012321516160785184,1.0950244889218874e-99
202.0,20.0,-10.0,7020.5667555281425,54691.31630312759,121.31010234559473,3335911.188147234,7878.252240588237,7.830825111032802e+26,0.0,0.0,1.3032518631733077e+37,0.0,0.0,0.0024889953125840658,0.006083494621983941,0.0012321516160785184,1.1208838274608982e-99
203.0,20.0,-10.0,7147.942362991017,54563.940695664714,127.37560746287447,3407531.9846374076,7992.69459781969,9.779004383896824e+26,0.0,0.0,1.6960663680488747e+37,0.0,0.0,0.0024889953125840658,0.00608349462198394,0.0012321516160785182,1.0686728051660868e-99
204.0,20.0,-10.0,7281.686750827034,54430.19630782869,133.7443878360182,3482211.815764943,8109.91696249921,1.2245428309898893e+27,0.0,0.0,2.212549514307231e+37,0.0,0.0,0.0024889953125840658,0.00608349462198394,0.0012321516160785182,1.0946059018427493e-99
205.0,20.0,-10.0,7422.118358054854,54289.76470060088,140.43160722781911,3560091.029008185,8230.082770442472,1.5376851144992606e+27,0.0,0.0,2.8935366117627595e+37,0.0,0.0,0.0024889953125840658,0.00608349462198394,0.0012321516160785182,1.0868168201359196e-99
206.0,20.0,-10.0,7569.571545644064,54142.311513011664,147.45318758921007,3641327.086350633,8353.221936335878,1.9364106438737063e+27,0.0,0.0,3.7939837735323604e+37,0.0,0.0,0.0024889953125840658,0.00608349462198394,0.0012321516160785182,1.1085411872932376e-99
207.0,20.0,-10.0,7724.397392612735,53987.485666042994,154.82584696867056,3726101.7991383155,8479.277186279105,2.4456697793335112e+27,0.0,0.0,4.988103543175955e+37,0.0,0.0,0.0024889953125840658,0.006083494621983941,0.0012321516160785184,1.1084791953056193e-99
208.0,20.0,-10.0,7875.68338251509,53836.19967614064,151.28598990235545,3808518.097343065,8599.86597573174,3.0490547287917266e+27,0.0,0.0,6.442793826694337e+37,0.0,0.0,0.0024889953125840658,0.006083494621983939,0.0012321516160785184,1.120883827460898e-99
209.0,20.0,-10.0,8034.533671912563,53677.34938674317,158.85028939747323,3894690.830615066,8723.49798428022,3.814828813784139e+27,0.0,0.0,8.353833361049198e+37,0.0,0.0,0.0024889953125840658,0.006083494621983938,0.001232151616078518,1.097922992041883e-99
210.0,20.0,-10.0,8201.32647577991,53510.55658287582,166.7928038673469,3984879.671461193,8850.538275396488,4.790898688623853e+27,0.0,0.0,1.0873835465538249e+38,0.0,0.0,0.002488995312584066,0.006083494621983939,0.0012321516160785184,1.1087872972329965e-99
211.0,20.0,-10.0,8363.11598537762,53348.76707327811,161.78950959771143,4072195.2906917287,8971.59287569996,5.937139920357595e+27,0.0,0.0,1.390307941838241e+38,0.0,0.0,0.0024889953125840658,0.006083494621983939,0.0012321516160785184,1.0964365952832175e-99
212.0,20.0,-10.0,8523.983064481357,53187.899994174375,160.8670791037365,4158963.9320131983,9089.900628786227,7.30661301524396e+27,0.0,0.0,1.760980034075693e+38,0.0,0.0,0.002488995312584066,0.006083494621983941,0.0012321516160785182,1.1093312414680882e-99
213.0,20.0,-10.0,8692.893497540283,53018.98956111545,168.91043305892333,4250130.255757307,9212.099923757134,9.034599367373668e+27,0.0,0.0,2.2422314066606323e+38,0.0,0.0,0.0024889953125840666,0.00608349462198394,0.0012321516160785184,1.0985104667903065e-99
214.0,20.0,-10.0,8870.249452252152,52841.63360640358,177.3559547118695,4346051.219441881,9338.879059657384,1.1226834052149492e+28,0.0,0.0,2.8701591687633186e+38,0.0,0.0,0.0024889953125840666,0.006083494621983941,0.0012321516160785182,1.1208838274608982e-99
215.0,20.0,-10.0,9043.16083291289,52668.72222574284,172.91138066073816,4439862.975563002,9461.176077724293,1.380556674110967e+28,0.0,0.0,3.622967514914392e+38,0.0,0.0,0.002488995312584066,0.00608349462198394,0.0012321516160785182,1.095757975139693e-99
216.0,20.0,-10.0,9215.309682117417,52496.57337653831,172.14884920452718,4533676.800338688,9581.934536523691,1.6885012997725653e+28,0.0,0.0,4.5396356399686984e+38,0.0,0.0,0.002488995312584066,0.00608349462198394,0.0012321516160785182,1.1086617032084641e-99
217.0,20.0,-10.0,9396.06597378217,52315.81708487356,180.75629166475355,4632770.340569719,9708.113763174928,2.076837778454877e+28,0.0,0.0,5.723501795303222e+38,0.0,0.0,0.002488995312584066,0.00608349462198394,0.0012321516160785182,1.1096859301029003e-99
218.0,20.0,-10.0,9585.860080030161,52126.022978625566,189.7941062479912,4737601.229317631,9840.069268715872,2.569660052848237e+28,0.0,0.0,7.261532487340566e+38,0.0,0.0,0.002488995312584066,0.00608349462198394,0.0012321516160785182,1.1208838274608982e-99
219.0,20.0,-10.0,9770.302822819416,51941.580235836314,184.44274278925405,4840333.011407276,9968.336637075672,3.147970028288796e+28,0.0,0.0,9.092576432798262e+38,0.0,0.0,0.002488995312584066,0.00608349462198394,0.0012321516160785182,1.1208838274608982e-99
220.0,20.0,-10.0,9953.384763309652,51758.49829534608,183.08194049023575,4943279.906478461,10095.497613053447,3.8372528672052607e+28,0.0,0.0,1.1308080405323079e+39,0.0,0.0,0.002488995312584066,0.00608349462198394,0.0012321516160785182,1.1208838274608982e-99
221.0,20.0,-10.0,10145.6208008244,51566.26225783133,192.23603751474755,5052590.713795032,10229.487231678298,4.708024132025083e+28,0.0,0.0,1.4162252088718848e+39,0.0,0.0,0.002488995312584066,0.00608349462198394,0.0012321516160785182,1.1208838274608982e-99
222.0,20.0,-10.0,10347.468640214885,51364.41441844084,201.84783939048492,5168848.539377732,10370.793314727505,5.815983874645131e+28,0.0,0.0,1.786440119025846e+39,0.0,0.0,0.002488995312584066,0.00608349462198394,0.0012321516160785182,1.1077868075794215e-99
223.0,20.0,-10.0,10542.56397840318,51169.31908025255,195.09533818829303,5282718.109414144,10508.223305558695,7.11242645306347e+28,0.0,0.0,2.2240340473966883e+39,0.0,0.0,0.002488995312584066,0.00608349462198394,0.0012321516160785182,1.1208838274608982e-99
224.0,20.0,-10.0,10735.454887338396,50976.42817131733,192.89090893521762,5396896.698384485,10645.048967344683,8.65498959211916e+28,0.0,0.0,2.750517731081362e+39,0.0,0.0,0.002488995312584066,0.00608349462198394,0.0012321516160785182,1.1042328395130613e-99
225.0,20.0,-10.0,10937.990341720375,50773.892716935356,202.53545438197852,5518677.667141482,10789.854131035781,1.0608543493359538e+29,0.0,0.0,3.42810217498394e+39,0.0,0.0,0.0024889953125840666,0.006083494621983941,0.0012321516160785184,1.1077355463150431e-99
226.0,20.0,-10.0,11150.652568821451,50561.23048983428,212.66222710107746,5648764.6621480845,10943.41920714529,1.3101714426456045e+29,0.0,0.0,4.3067707484640224e+39,0.0,0.0,0.0024889953125840658,0.006083494621983938,0.0012321516160785182,1.099049330712906e-99
227.0,20.0,-10.0,11355.114293064478,50356.76876559125,204.46172424302725,5775987.640477811,11092.558967144027,1.601129818076931e+29,0.0,0.0,5.339164034135991e+39,0.0,0.0,0.0024889953125840658,0.006083494621983938,0.0012321516160785182,1.120883827460898e-99
228.0,20.0,-10.0,11556.532498157438,50155.35056049829,201.4182050929599,5903522.079186563,11241.068048549612,1.946770329985931e+29,0.0,0.0,6.575737852705215e+39,0.0,0.0,0.0024889953125840658,0.006083494621983938,0.0012321516160785182,1.120883827460898e-99
229.0,20.0,-10.0,11757.289171206341,49954.59388744939,200.75667304890453,6032930.231883153,11390.708137777534,2.3609432574928675e+29,0.0,0.0,8.07046577105355e+39,0.0,0.0,0.0024889953125840658,0.006083494621983938,0.0012321516160785182,1.1120438681222052e-99
230.0,20.0,-10.0,11968.08367790769,49743.79938074804,210.79450670134977,6171443.191226471,11549.648750620661,2.885465192181085e+29,0.0,0.0,9.988612102953633e+39,0.0,0.0,0.0024889953125840658,0.006083494621983938,0.0012321516160785182,1.118065464263194e-99
231.0,20.0,-10.0,12189.417909944108,49522.46514871162,221.33423203641726,6319882.915104311,11718.723663914761,3.554953005266249e+29,0.0,0.0,1.246996800005008e+40,0.0,0.0,0.0024889953125840658,0.006083494621983938,0.0012321516160785182,1.120883827460898e-99
232.0,20.0,-10.0,12402.442276402237,49309.44078225349,213.02436645812773,6465608.571086195,11883.545233121373,4.33724172030706e+29,0.0,0.0,1.5383699411839939e+40,0.0,0.0,0.0024889953125840658,0.006083494621983938,0.0012321516160785182,1.099868437482204e-99
233.0,20.0,-10.0,12612.242745411813,49099.640313243915,209.80046900957734,6611993.189280096,12047.963774515996,5.266590333262241e+29,0.0,0.0,1.886821650537827e+40,0.0,0.0,0.0024889953125840653,0.006083494621983938,0.0012321516160785182,1.120883827460898e-99
234.0,20.0,-10.0,12821.193668759715,48890.68938989601,208.95092334790095,6760701.601229872,12213.810213203464,6.37951315225717e+29,0.0,0.0,2.307198158954127e+40,0.0,0.0,0.0024889953125840653,0.006083494621983938,0.0012321516160785182,1.1094755780346934e-99
235.0,20.0,-10.0,13040.592138275011,48671.29092038072,219.398469515296,6920132.364182964,12390.253531471668,7.788926620596974e+29,0.0,0.0,2.846110107856494e+40,0.0,0.0,0.002488995312584065,0.006083494621983938,0.0012321516160785182,1.120883827460898e-99
236.0,20.0,-10.0,13270.960531266073,48440.92252738966,230.3683929910608,7091212.495955381,12578.07097137745,9.587453520764276e+29,0.0,0.0,3.5426287925535685e+40,0.0,0.0,0.002488995312584064,0.006083494621983939,0.0012321516160785182,1.1208838274608982e-99
237.0,20.0,-10.0,13492.313793809823,48219.56926484591,221.35326254374795,7259039.374631695,12761.0084389183,1.1684171970017112e+30,0.0,0.0,4.358253690695348e+40,0.0,0.0,0.0024889953125840623,0.006083494621983938,0.0012321516160785182,1.1141326751313073e-99
238.0,20.0,-10.0,13710.08811686958,48001.79494178615,217.77432305975762,7427540.853258321,12943.262225367636,1.4169611476787982e+30,0.0,0.0,5.331384498036245e+40,0.0,0.0,0.002488995312584058,0.006083494621983939,0.001232151616078518,1.0994775577144546e-99
239.0,20.0,-10.0,13926.83832944436,47785.04472921137,216.75021257477982,7598647.129380739,13126.994062604983,1.7139422678917036e+30,0.0,0.0,6.5029385438547525e+40,0.0,0.0,0.0024889953125840514,0.006083494621983938,0.0012321516160785182,1.1208838274608982e-99
240.0,20.0,-10.0,14154.42605264788,47557.457006007855,227.5877232035188,7782082.410994976,13322.541410425401,2.0892929103037988e+30,0.0,0.0,8.002467196722453e+40,0.0,0.0,0.002488995312584038,0.006083494621983939,0.0012321516160785182,1.1208838274608982e-99
241.0,20.0,-10.0,14393.393162011575,47318.489896644154,238.9671093636948,7978855.747422663,13530.63436949174,2.567082388562e+30,0.0,0.0,9.937037622814166e+40,0.0,0.0,0.0024889953125840124,0.006083494621983938,0.0012321516160785182,1.1208838274608982e-99
242.0,20.0,-10.0,14622.981291951573,47088.901766704155,229.58812993999948,8171763.956346988,13733.11126480275,3.1224430451821683e+30,0.0,0.0,1.2197777333609405e+41,0.0,0.0,0.002488995312583966,0.006083494621983938,0.0012321516160785182,1.1084791953056195e-99
243.0,20.0,-10.0,14848.904156872162,46862.97890178357,225.9228649205882,8365345.912643078,13934.777137150977,3.778843103685772e+30,0.0,0.0,1.4890090990246462e+41,0.0,0.0,0.002488995312583884,0.006083494621983939,0.0012321516160785182,1.1208838274608982e-99
244.0,20.0,-10.0,15073.864549295256,46638.018509360474,224.9603924230942,8561824.371150944,14138.008070931519,4.5608455181292515e+30,0.0,0.0,1.8125714857046926e+41,0.0,0.0,0.0024889953125837375,0.006083494621983939,0.0012321516160785182,1.1079019954416267e-99
245.0,20.0,-10.0,15310.072961339505,46401.81009731622,236.20841204424892,8772201.4512464,14353.968288181215,5.54538126096094e+30,0.0,0.0,2.2256507334342804e+41,0.0,0.0,0.002488995312583456,0.006083494621983939,0.0012321516160785182,1.1208838274608982e-99
246.0,20.0,-10.0,15558.091793985966,46153.791264669766,248.01883264646136,8997532.336178936,14583.434994854377,6.793021081000203e+30,0.0,0.0,2.7569683653869244e+41,0.0,0.0,0.0024889953125829026,0.006083494621983939,0.0012321516160785182,1.1087089762737034e-99
247.0,20.0,-10.0,15796.791006461603,45915.09205219413,238.6992124756363,9218470.819651807,14806.810135192925,8.239155415759949e+30,0.0,0.0,3.3771805415542148e+41,0.0,0.0,0.002488995312581935,0.006083494621983939,0.0012321516160785182,1.1093312414680882e-99
248.0,20.0,-10.0,16032.038504074946,45679.844554580784,235.2474976133429,9440143.456105113,15029.232136677649,9.943455195523307e+30,0.0,0.0,4.114862123815905e+41,0.0,0.0,0.002488995312580235,0.006083494621983939,0.0012321516160785182,1.1208838274608982e-99
249.0,20.0,-10.0,16266.625537647238,45445.25752100849,234.58703357229385,9665058.418470645,15253.21523945885,1.1968058112230755e+31,0.0,0.0,5.000251486069213e+41,0.0,0.0,0.0024889953125772383,0.006083494621983939,0.0012321516160785182,1.1208838274608982e-99
250.0,20.0,-10.0,16512.94192289815,45198.94113575758,246.31638525090855,9905404.244387478,15490.798579381717,1.4505603685812766e+31,0.0,0.0,6.127022632218963e+41,0.0,0.0,0.002488995312571562,0.006083494621983939,0.0012321516160785182,1.1208838274608982e-99
251.0,20.0,-10.0,16771.5741274116,44940.30893124413,258.632204513454,10162280.573837375,15742.624082385144,1.7706449204104274e+31,1.1868167838712866e+20,0.0,7.571200504501336e+41,9.679944962217231e+29,0.0,0.0024889953125606656,0.006083494621983939,0.0012321516160785182,4.1687371652123134e-22
252.0,20.0,-10.0,17021.2831256957,44690.59993296003,249.70899828410046,10414438.88762071,15988.02481174988,2.1413921924466936e+31,3.344545596480683e+21,0.0,9.25750894696301e+41,2.730569898322353e+31,0.0,0.002488995312542077,0.006083494621983939,0.0012321516160785182,2.727658202657183e-21
253.0,20.0,-10.0,17268.011512986075,44443.87154566965,246.7283872903745,10667556.578915052,16232.426170889745,2.5782556728161824e+31,1.9053028239292487e+22,0.0,1.1263604933029063e+42,1.7555400451879664e+32,0.0,0.002488995312510177,0.006083494621983939,0.001232151616078518,1.1124361024554254e-20
254.0,20.0,-10.0,17527.076319640968,44184.80673901476,259.06480665489323,10937567.25426203,16491.023305908573,3.126394993600425e+31,6.754536085129541e+22,0.0,1.381782829393477e+42,7.27390669304713e+32,0.0,0.0024889953124507392,0.006083494621983939,0.0012321516160785182,3.817520875615583e-20
255.0,20.0,-10.0,17799.094366628604,43912.78869202713,272.01804698763794,11225568.846887691,16764.563976453635,3.8195780988845573e+31,1.874630240411626e+23,0.0,1.7094400323506258e+42,2.3355161880145884e+33,0.0,0.0024889953123377008,0.006083494621983939,0.001232151616078518,1.211776241118094e-19
256.0,20.0,-10.0,18061.21366670267,43650.66939195306,262.1193000740672,11507135.089052325,17030.055226305274,4.624639298265906e+31,4.204293917505531e+23,0.0,2.091721699974663e+42,5.810867207429806e+33,0.0,0.002488995312146425,0.006083494621983941,0.001232151616078518,3.3381212684361807e-19
257.0,20.0,-10.0,18320.179924261727,43391.703134394,258.96625755905416,11789127.556568028,17293.81901476303,5.580124980067655e+31,8.354782601957977e+23,0.0,2.5474371091264433e+42,1.2634017558767087e+34,0.0,0.0024889953118198585,0.006083494621983944,0.0012321516160785182,8.640895627754278e-19
258.0,20.0,-10.0,18592.094494698733,43119.788563957,271.9145704370069,12089224.437032536,17572.27903211913,6.79290199038992e+31,1.5791157330860595e+24,0.0,3.129935104598401e+42,2.617508955483253e+34,0.0,0.002488995311217023,0.0060834946219839505,0.0012321516160785182,2.2838416350822298e-18
259.0,20.0,-10.0,18877.604793657592,42834.27826499814,285.5102989588572,12408510.473726764,17866.01516602567,8.354386263560069e+31,2.873522168701948e+24,0.0,3.8821517451074466e+42,5.2047860144783175e+34,0.0,0.0024889953100855197,0.006083494621983961,0.0012321516160785182,6.125220486583986e-18
260.0,20.0,-10.0,19153.380590218847,42558.502468436884,275.7757965612542,12720664.34094765,18150.998835789804,1.0219851265997017e+32,4.857718334207999e+24,0.0,4.770958466091578e+42,9.42947832331565e+34,0.0,0.0024889953081920174,0.0060834946219839765,0.0012321516160785182,1.5077437785699125e-17
261.0,20.0,-10.0,19426.3788783391,42285.50418031663,272.99828812025356,13033190.472976798,18434.16919193842,1.2516374615099927e+32,7.83445703679566e+24,0.0,5.848527453344334e+42,1.6174377061509681e+35,0.0,0.0024889953049978797,0.006083494621984002,0.0012321516160785182,3.562477205382712e-17
262.0,20.0,-10.0,19713.027080865366,41998.855977790365,286.64820252626623,13364991.909324223,18732.329117139514,1.556850167973749e+32,1.2465368558018875e+25,0.0,7.255879171327474e+42,2.744274328987539e+35,0.0,0.0024889952991966452,0.006083494621984039,0.0012321516160785182,8.616621699118779e-17
263.0,20.0,-10.0,20014.007693517946,41697.875365137785,300.98061265257957,13717156.43712961,19046.048954275455,1.9743188862268956e+32,1.9594364585737845e+25,0.0,9.129848285512695e+42,4.604117452705574e+35,0.0,0.00248899528850615,0.006083494621984088,0.0012321516160785184,2.1159023221038644e-16
264.0,20.0,-10.0,20305.667912556055,41406.215146099676,291.6602190381102,14061803.235088954,19350.66882686363,2.5127485604023557e+32,2.947232578270591e+25,0.0,1.1441023319047685e+43,7.314922051407342e+35,0.0,0.0024889952708604577,0.006083494621984137,0.0012321516160785182,4.825493094861482e-16
265.0,20.0,-10.0,20595.070763277894,41116.81229537784,289.402850721842,14406946.589567117,19653.332005080545,3.2345020940989927e+32,4.307368835010998e+25,0.0,1.4393026685002548e+43,1.1246088867641405e+36,0.0,0.0024889952415106686,0.006083494621984151,0.0012321516160785178,1.0609037865181857e-15
266.0,20.0,-10.0,20898.94375653583,40812.9393021199,303.8729932579342,14772585.617216187,19971.168345017944,4.2863630628660795e+32,6.262518706548898e+25,0.0,1.8500622139334912e+43,1.7247422164520682e+36,0.0,0.002488995189162428,0.006083494621984031,0.0012321516160785175,2.3777049815677256e-15
267.0,20.0,-10.0,21218.010399456663,40493.87265919907,319.0666429208309,15159789.229697593,20304.768807952252,5.8758050942592504e+32,9.060861088456755e+25,0.0,2.4412907552125693e+43,2.636453819904429e+36,0.0,0.0024889950945864033,0.006083494621983504,0.0012321516160785173,5.395792680516898e-15
268.0,20.0,-10.0,21528.215047301324,40183.668011354406,310.2046478446628,15539138.004131824,20628.998865839025,8.144029046502076e+32,1.2712730454474887e+26,0.0,3.2379896625092034e+43,3.880091140449956e+36,0.0,0.002488994940773704,0.0060834946219820935,0.0012321516160785162,1.1477496771414486e-14
269.0,20.0,-10.0,21836.728450943116,39875.15460771261,308.51340364178697,15916066.818036243,20950.858704370865,1.1474626725548166e+33,1.7495109652669912e+26,0.0,4.354388076106617e+43,5.582239116947242e+36,0.0,0.0024889946888505448,0.006083494621978774,0.0012321516160785151,2.3600523445105642e-14
270.0,20.0,-10.0,22160.667524766992,39551.21553388874,323.9390738238763,16316892.876159979,21288.14961338643,1.673557424088867e+33,2.405745916263739e+26,0.0,6.064051268561461e+43,8.039887228827186e+36,0.0,0.0024889942478500487,0.0060834946219708716,0.0012321516160785117,4.932007602490568e-14
271.0,20.0,-10.0,22500.80355228206,39211.07950637367,340.1360275150701,16739704.141215855,21641.075885972747,2.5242861176750294e+33,3.307118769363966e+26,0.0,8.771734285898902e+43,1.158727801999958e+37,0.0,0.0024889934674530087,0.006083494621952543,0.0012321516160785037,1.040872223411532e-13
272.0,20.0,-10.0,22781.293108064358,38930.58995059137,280.48955578229885,17090724.327631902,21931.86783263636,3.5742473845988853e+33,4.2529120857245226e+26,0.0,1.1933341469179968e+44,1.5349199329091752e+37,0.0,0.002488992487642872,0.006083494621924542,0.0012321516160784926,1.832959922601107e-13
273.0,20.0,-10.0,23005.684752690195,38706.19830596553,224.39164462583906,17372621.384024125,22164.026876736596,4.738492865254686e+33,5.1676199416558345e+26,0.0,1.5286495623034719e+44,1.9006021606901506e+37,0.0,0.0024889913977979828,0.006083494621888575,0.0012321516160784787,2.8124657025477747e-13
274.0,20.0,-10.0,23200.118450637885,38511.764608017846,194.43369794768873,17617433.975084223,22364.63600784068,6.060104533052416e+33,6.0925829100260936e+26,0.0,1.9002346344837676e+44,2.2741786968767584e+37,0.0,0.0024889901472025795,0.006083494621842194,0.0012321516160784612,4.0382985842763336e-13
275.0,20.0,-10.0,23381.882683005646,38330.00037565008,181.76423236776174,17847085.72278692,22551.644875385664,7.632783294446793e+33,7.083026871423402e+26,0.0,2.3377546904509997e+44,2.680186072385142e+37,0.0,0.002488988632881593,0.006083494621779878,0.0012321516160784382,5.641820079976352e-13
276.0,20.0,-10.0,23558.39098147867,38153.492077177056,176.50829847302577,18070758.275631227,22732.756748991036,9.55224392198446e+33,8.175491133141916e+26,0.0,2.8694675197663218e+44,3.1352638066796546e+37,0.0,0.0024889867487251087,0.00608349462169446,0.001232151616078407,7.784984938854211e-13
277.0,20.0,-10.0,23733.05908573652,37978.823972919214,174.6681042578498,18292846.951367136,22911.547554878958,1.1926575655660476e+34,9.399001581573082e+26,0.0,3.526423062435486e+44,3.652992144036915e+37,0.0,0.0024889843731466417,0.006083494621576322,0.001232151616078364,1.0676122488207046e-12
278.0,20.0,-10.0,23916.460595207263,37795.42246344847,183.4015094707423,18526607.791042924,23098.641119172065,1.5048020815807466e+34,1.0852582897963818e+27,0.0,4.396762966771432e+44,4.280678407687588e+37,0.0,0.00248898116731908,0.006083494621401168,0.0012321516160783011,1.485033321662175e-12
279.0,20.0,-10.0,24109.032180151542,37602.85087850419,192.5715849442794,18772633.320092417,23294.463035312147,1.9187316541859508e+34,1.2586296548550978e+27,0.0,5.561996708823502e+44,5.045036330998514e+37,0.0,0.002488976802496591,0.006083494621138681,0.0012321516160782077,2.0928793135662353e-12
280.0,20.0,-10.0,24293.915414429175,37417.967644226555,184.88323427763117,19009208.85912107,23481.854459545062,2.4191977589310214e+34,1.4472345295514507e+27,0.0,6.972504561594552e+44,5.888843192673084e+37,0.0,0.002488971443811804,0.006083494620786157,0.0012321516160780826,2.8860714287336906e-12
281.0,20.0,-10.0,24475.98994521032,37235.89311344541,182.07453078114727,19242680.252776086,23665.841663518193,3.034619588698873e+34,1.6566943556836747e+27,0.0,8.714953512361934e+44,6.840100922819408e+37,0.0,0.002488964741467221,0.00608349462030531,0.0012321516160779132,3.936109236058219e-12
282.0,20.0,-10.0,24657.593877094947,37054.28918156079,181.60393188462731,19476082.609852068,23848.718751556622,3.797613005336713e+34,1.8915822572969784e+27,0.0,1.0889869872262529e+45,7.923421732947118e+37,0.0,0.002488956280645852,0.006083494619644276,0.0012321516160776818,5.3344133840888126e-12
283.0,20.0,-10.0,24848.278005573804,36863.60505308193,190.6841284788587,19721603.295263536,24039.96860399568,4.795013143880568e+34,2.168985799513025e+27,0.0,1.3773310113225562e+45,9.227722836766784e+37,0.0,0.0024889449377292856,0.0060834946186759005,0.0012321516160773455,7.310353268200604e-12
284.0,20.0,-10.0,25048.49634047661,36663.38671817912,200.21833490280164,19979760.52808504,24239.874739349074,6.107172474063465e+34,2.4976210866499063e+27,0.0,1.7629430974400772e+45,1.0804742122933044e+38,0.0,0.002488929592787079,0.006083494617238848,0.0012321516160768515,1.012435133733678e-11
285.0,20.0,-10.0,25241.769942872783,36470.11311578295,193.2736023961759,20229288.72383295,24432.130175458493,7.688802310210747e+34,2.8551273458514443e+27,0.0,2.2315814667385338e+45,1.2544964032036305e+38,0.0,0.002488910726495043,0.0060834946153076365,0.0012321516160761947,1.3746178918028198e-11
286.0,20.0,-10.0,25432.663780762443,36279.21927789329,190.89383788965722,20475633.892285205,24621.218173236655,9.625531557563764e+34,3.251047215329703e+27,0.0,2.8110411685530816e+45,1.4502103581903171e+38,0.0,0.0024888871190358397,0.0060834946126695,0.0012321516160753096,1.8470020344173394e-11
287.0,20.0,-10.0,25633.102310546583,36078.780748109144,200.43852978414012,20733726.635066155,24818.748166819274,1.2141564694124083e+35,3.7169028946068865e+27,0.0,3.5785130516279614e+45,1.6851568857256804e+38,0.0,0.002488855415449709,0.006083494608784835,0.0012321516160740272,2.5068317594305238e-11
288.0,20.0,-10.0,25843.562766819927,35868.3202918358,210.46045627334712,21003773.376764648,25025.010965570767,1.5428570189043623e+35,4.266388224228732e+27,0.0,4.6025197443536656e+45,1.9683205257678925e+38,0.0,0.0024888124171255077,0.006083494602983293,0.0012321516160721502,3.4349855911277186e-11
289.0,20.0,-10.0,26045.931980268877,35665.95107838685,202.36921344894884,21262520.888284884,25222.407184488828,1.9340304146607964e+35,4.858612218360493e+27,0.0,5.836801615397287e+45,2.278393052760968e+38,0.0,0.0024887596505343956,0.00608349459518101,0.0012321516160696817,4.6091975093673347e-11
290.0,20.0,-10.0,26245.499934224947,35466.38312443078,199.56795395606906,21516896.65521637,25416.06974328606,2.4061572237965124e+35,5.509416501982928e+27,0.0,7.351134709400375e+45,2.6251323121529822e+38,0.0,0.00248869359663516,0.006083494584508492,0.001232151616066383,6.117172740340574e-11
291.0,20.0,-10.0,26455.04628587882,35256.83677277691,209.54635165387253,21783276.64045921,25618.16638305301,3.011618388491516e+35,6.270025419128051e+27,0.0,9.341288559054204e+45,3.039471501772398e+38,0.0,0.002488604699397355,0.006083494568783855,0.0012321516160616447,8.192331061240525e-11
292.0,20.0,-10.0,26675.06995511538,35036.81310354035,220.02366923656615,22062381.288664155,25828.963984811126,3.7916303702656366e+35,7.160736711679386e+27,0.0,1.1972174396721572e+46,3.536331136344379e+38,0.0,0.0024884839032215506,0.006083494545378965,0.0012321516160547765,1.1065526452467686e-10
293.0,20.0,-10.0,26886.721297859218,34825.161760796516,211.65134274383564,22330662.59207162,26030.580673910063,4.7096621784179954e+35,8.114196696008103e+27,0.0,1.5115702819873612e+46,4.077924290559017e+38,0.0,0.002488335453047107,0.00608349451413608,0.0012321516160458193,1.46473815934033e-10
294.0,20.0,-10.0,27095.586091690762,34616.29696696497,208.86479383154605,22595574.703723233,26228.273862580198,5.809673661346286e+35,9.155578912637617e+27,0.0,1.8942395508765846e+46,4.680980312804635e+38,0.0,0.0024881495455489956,0.0060834944719088645,0.0012321516160339482,1.9183992276556494e-10
295.0,20.0,-10.0,27314.894125213887,34396.98893344184,219.30803352312338,22874261.372221332,26434.31295057209,7.215646116634414e+35,1.0364756267700345e+28,0.0,2.393280718112267e+46,5.3978170287880275e+38,0.0,0.002487899951754224,0.0060834944108579085,0.0012321516160170541,2.5334475317376244e-10
296.0,20.0,-10.0,27545.167560413167,34166.71549824256,230.27343519927953,23167852.526645605,26648.952022395555,9.030612580691752e+35,1.1771844646695015e+28,0.0,3.049075048763956e+46,6.252676974515395e+38,0.0,0.0024875625720353323,0.006083494322243069,0.0012321516159927862,3.3722709944198757e-10
297.0,20.0,-10.0,27767.093601295568,33944.789457360166,221.92604088240176,23452229.754783798,26854.349063921618,1.1185819267870708e+36,1.3272236604667753e+28,0.0,3.831932465619807e+46,7.181555639136241e+38,0.0,0.00248715013287044,0.00608349420688156,0.0012321516159613166,4.4059950702693214e-10
298.0,20.0,-10.0,27971.854719664436,33740.028338991295,204.7611183688678,23716223.66562455,27042.59427550186,1.361045082514979e+36,1.479210078999811e+28,0.0,4.710806453153071e+46,8.136732860839807e+38,0.0,0.0024866786045722013,0.006083494067709156,0.0012321516159232956,5.596562388359815e-10
299.0,20.0,-10.0,28186.853893951746,33525.029164703985,214.9991742873112,23995432.217366222,27238.534577520688,1.6712119435658743e+36,1.653809305135957e+28,0.0,5.843923908195733e+46,9.25805095467957e+38,0.0,0.0024860618304445186,0.006083493875793015,0.0012321516158705298,7.166507769113094e-10
300.0,20.0,-10.0,28412.603026953424,33299.28003170231,225.74913300167677,24291138.992410604,27442.383588344266,2.0725329881308955e+36,1.854859586266273e+28,0.0,7.31940670362837e+46,1.057856716511025e+39,0.0,0.0024852509093045904,0.006083493609871489,0.0012321516157965946,9.249314693686032e-10
301.0,20.0,-10.0,28649.63961660518,33062.243442050545,237.03658965176064,24604882.88991254,27654.323520380905,2.5983269049188866e+36,2.086994639009152e+28,0.0,9.261704365680923e+46,1.2138634453175464e+39,0.0,0.0024841793672925484,0.006083493239402223,0.0012321516156919604,1.2029475745230887e-09
302.0,20.0,-10.0,28876.916822779156,32834.96623587658,227.27720617397287,24909106.73998165,27855.63110497341,3.2284500924012334e+36,2.3313079807973696e+28,0.0,1.1575668196313236e+47,1.380957939307919e+39,0.0,0.002482905914639471,0.006083492776797014,0.0012321516155589323,1.536772594779584e-09
303.0,20.0,-10.0,29098.260944420446,32613.622114235284,221.34412164129017,25208840.523722373,28049.6288416525,3.9907221023785395e+36,2.5910830751208125e+28,0.0,1.4361315225841912e+47,1.5618235241896716e+39,0.0,0.002481385625479914,0.006083492197518833,0.0012321516153890447,1.93960876283165e-09
304.0,20.0,-10.0,29315.780640556382,32396.102418099348,217.51969613593744,25507115.01010485,28238.11812188861,4.917216926951064e+36,2.8686417563655665e+28,0.0,1.7734379080478721e+47,1.7586037753773742e+39,0.0,0.0024795704209598607,0.006083491472499622,0.0012321516151719211,2.4261039384737987e-09
305.0,20.0,-10.0,29530.934539723767,32180.948518931964,215.15389916738204,25806627.633470766,28422.222164763993,6.046242286486663e+36,3.166012763115284e+28,0.0,2.18368109220826e+47,1.973420697275416e+39,0.0,0.0024774055443730915,0.006083490565870255,0.001232151614894409,3.013499444973909e-09
306.0,20.0,-10.0,29745.013022418316,31966.870036237415,214.07848269454857,26110191.217852842,28602.947960620077,7.425073651970842e+36,3.4855611619570377e+28,0.0,2.6849611075811257e+47,2.208737171528182e+39,0.0,0.002474825523295704,0.006083489431726129,0.0012321516145393085,3.7230799857701128e-09
307.0,20.0,-10.0,29969.79542924759,31742.08762940814,224.78240682927603,26433581.01810984,28789.60225808727,9.202046905896261e+36,3.847350167030124e+28,0.0,3.3372701016995054e+47,2.4814657441100627e+39,0.0,0.002471573457263578,0.006083487924306728,0.0012321516140556255,4.631978183824017e-09
308.0,20.0,-10.0,30205.816956418334,31506.066102237397,236.02152717073983,26767565.5769017,28981.79702363625,1.1494678999844833e+37,4.256942155219768e+28,0.0,4.192839161651038e+47,2.7983173932999696e+39,0.0,0.002467470271462061,0.006083485907415694,0.0012321516133912255,5.801181751933895e-09
309.0,20.0,-10.0,30453.63955994761,31258.24349870812,247.82260352927685,27109297.601116367,29178.94535624598,1.4427102833821366e+37,4.720184354136148e+28,0.0,5.320365380521475e+47,3.167215548286007e+39,0.0,0.002462283273148557,0.006083483192914581,0.00123215161247179,7.31046010677727e-09
310.0,20.0,-10.0,30713.85329365335,30998.029765002382,260.2137337057407,27457717.646316357,29380.20313765211,1.8124819146130697e+37,5.242535521215525e+28,0.0,6.807706219960196e+47,3.5974232717421946e+39,0.0,0.0024557075674117627,0.0060834795239357595,0.0012321516111926493,9.262773177223864e-09
311.0,20.0,-10.0,30987.077714044375,30724.805344611355,273.2244203910277,27809736.464234807,29584.176703964808,2.2725984564397076e+37,5.828508837851055e+28,0.0,8.765869163319141e+47,4.099631217408061e+39,0.0,0.0024473560000696152,0.006083474555823826,0.0012321516094089943,1.1788579435659772e-08
312.0,20.0,-10.0,31273.96335545496,30437.919703200772,286.8856414105791,28161771.469781037,29789.45256170767,2.8282373593294716e+37,6.48079578629663e+28,0.0,1.1324639303810838e+48,4.6859634320610685e+39,0.0,0.0024366962097186404,0.006083467836869148,0.0012321516069252996,1.504930102216333e-08
313.0,20.0,-10.0,31575.193278936065,30136.689779719665,301.22992348110813,28509892.242559146,29994.138437856538,3.4972146011212246e+37,7.198983187820836e+28,0.0,1.4646848693365127e+48,5.369837093521652e+39,0.0,0.002423129751943425,0.006083458792493576,0.0012321516034852957,1.9238325754053526e-08
314.0,20.0,-10.0,31891.48469859123,29820.3983600645,316.2914196551635,28849353.47862211,30195.336200828293,4.307278130350122e+37,7.977617044790495e+28,0.0,1.8943171783076988e+48,6.165569787654089e+39,0.0,0.002406138075024611,0.006083446722009051,0.0012321515987668427,2.4577013831715048e-08
315.0,20.0,-10.0,32223.59068922915,29488.29236942658,332.1059906379217,29174691.744667504,30390.720602995014,5.193636777638321e+37,8.807158186649204e+28,0.0,2.4382620543681394e+48,7.087969403450865e+39,0.0,0.0023847989298358065,0.006083430809611857,0.0012321515923843997,3.1308679411425376e-08
316.0,20.0,-10.0,32572.30197939897,29139.58107925676,348.7112901698178,29480050.757297486,30576.693770504407,6.212568722244479e+37,9.669618813715982e+28,0.0,3.121455704932521e+48,8.151333443715671e+39,0.0,0.002358671905585271,0.006083410174448116,0.001232151583908782,3.967855279466623e-08
317.0,20.0,-10.0,32938.44883407728,28773.43422457845,366.1468546783087,29760559.14337186,30750.28331616667,7.272251197904723e+37,1.0543928551946341e+29,0.0,3.9611685305186e+48,9.368820545877869e+39,0.0,0.0023270766701880613,0.006083383928961681,0.0012321515728948799,4.9918890210722875e-08
318.0,20.0,-10.0,33322.9030314895,28388.98002716623,384.4541974122242,30011915.584204506,30908.44387846802,8.358880299821496e+37,1.1404333862858662e+29,0.0,4.9746115132345045e+48,1.0751498812739793e+40,0.0,0.0022897415086458868,0.006083351270611776,0.0012321515589269576,6.222435257227764e-08
319.0,20.0,-10.0,33726.57993877234,27985.303119883392,403.6769072828354,30230338.04430407,31047.73345901189,9.444221769900371e+37,1.222173780710905e+29,0.0,6.176894466625861e+48,1.2307369416407424e+40,0.0,0.002247348022166614,0.006083311586647972,0.001232151541676684,7.672560762692888e-08
320.0,20.0,-10.0,34150.44069141932,27561.442367236414,423.8607526469772,30416819.790660102,31167.63367020545,1.0377022425941972e+38,1.2979727953101136e+29,0.0,7.563977843882423e+48,1.4042353128117444e+40,0.0,0.0022002968177372113,0.0060832644451215695,0.0012321515209004173,9.350599621365054e-08
321.0,20.0,-10.0,34595.49448169864,27116.38857695709,445.05379027932605,30574290.17751753,31267.684591584693,1.1119544300302028e+38,1.3669629677937098e+29,0.0,9.124629941367667e+48,1.596091522495981e+40,0.0,0.002149118135544553,0.006083209560153949,0.0012321514964301374,1.1261299237638367e-07
322.0,20.0,-10.0,35062.800961491936,26649.082097163795,467.3064797932924,30706896.22147025,31348.164809252572,1.1665447282964168e+38,1.4290389414823888e+29,0.0,1.0843764241525579e+49,1.80668866472056e+40,0.0,0.0020949284953977916,0.0060831467326310585,0.0012321514681474177,1.3407492235046806e-07
323.0,20.0,-10.0,35553.47276527489,26158.41029338084,490.671803782957,30820388.29952981,31410.75667336099,1.199313423968771e+38,1.485115256287749e+29,0.0,1.2699560966212917e+49,2.03649281543886e+40,0.0,0.0020377362477759444,0.00608307574433619,0.0012321514359229626,1.5793729682474487e-07
324.0,20.0,-10.0,36068.678159247,25643.20489940873,515.205393972105,30919459.13159859,31456.6247902333,1.2161470257559735e+38,1.5361438333901654e+29,0.0,1.4675497950767757e+49,2.286078050587931e+40,0.0,0.001978661253342058,0.006082996296205515,0.0012321513995988622,1.8426443779324393e-07
325.0,20.0,-10.0,36609.64382291771,25102.239235738023,540.9656636707101,31009392.453337893,31488.091985439365,1.2173741701282018e+38,1.5836714840091302e+29,0.0,1.6752325279739718e+49,2.556250713916033e+40,0.0,0.0019181309494788437,0.006082907925050665,0.0012321513589289717,2.1317116065771634e-07
326.0,20.0,-10.0,37177.657769771955,24534.225288883776,568.0139468542457,31094632.83467822,31507.9937532606,1.207325867335178e+38,1.6292160342302956e+29,0.0,1.891499456308096e+49,2.8480903546034225e+40,0.0,0.001856441905248816,0.006082809934652411,0.001232151313551051,2.448314022722886e-07
327.0,20.0,-10.0,37774.07241396891,23937.81064468682,596.4146441969581,31180539.565628033,31520.842819345446,1.1862816040281609e+38,1.674947994904106e+29,0.0,2.1146216140144915e+49,3.163123487883076e+40,0.0,0.0017946935410750656,0.006082701232116299,0.0012321512628992591,2.7951393946384587e-07
328.0,20.0,-10.0,38400.30779037572,23311.57526828001,626.2353764068059,31274301.712360922,31533.32838716994,1.1527527392297298e+38,1.7241166992552606e+29,0.0,2.342278277900876e+49,3.503618585006446e+40,0.0,0.0017340508714350845,0.006082580042691624,0.0012321512060453083,3.17652004011169e-07
329.0,20.0,-10.0,39057.85493560287,22654.028123052864,657.5471452271463,31379023.08351986,31550.222211335127,1.117205032804991e+38,1.7784768046583696e+29,0.0,2.573946457979271e+49,3.8724107695639976e+40,0.0,0.0016734571381476716,0.006082443995010437,0.0012321511417352643,3.598189427255653e-07
330.0,20.0,-10.0,39748.27943809137,21963.60362056436,690.4245024885035,31505354.575095452,31581.326319005748,1.0677175068629882e+38,1.84355835739553e+29,0.0,2.806423015646877e+49,4.273812917633914e+40,0.0,0.0016155526908282715,0.006082289148368645,0.0012321510678803065,4.0692638608608806e-07
331.0,20.0,-10.0,40473.2251657043,21238.65789295143,724.9457276129287,31661787.165934976,31634.88495402211,1.010722677819681e+38,1.9246019014502094e+29,0.0,3.0374933069505947e+49,4.713813257758001e+40,0.0,0.0015605401930082064,0.00608210955490354,0.0012321509812698794,4.60321214273251e-07
332.0,20.0,-10.0,41234.418179697874,20477.464878957857,761.1930139935753,31856150.601372525,31717.83083950316,9.498244358145104e+37,2.027419178145522e+29,0.0,3.2654985002462716e+49,5.200494884566249e+40,0.0,0.0015086905806056374,0.006081896302067209,0.0012321508770258536,5.219342880165628e-07
333.0,20.0,-10.0,42033.67084439112,19678.21221426461,799.2526646932541,32096935.99956605,31836.487440536905,8.855613607851105e+37,2.1594115414839304e+29,0.0,3.4887062960335383e+49,5.744779574161207e+40,0.0,0.0014605757549309769,0.00608163581666534,0.0012321507475753781,5.945600385486907e-07
334.0,20.0,-10.0,42872.88614231904,18838.99691633669,839.2152979279169,32392387.512043506,31995.727729525886,8.195991673864536e+37,2.3296753418401464e+29,0.0,3.7056172615144407e+49,6.36133965348267e+40,0.0,0.0014170602890809306,0.006081307104551364,0.0012321505809376793,6.82263824211416e-07
335.0,20.0,-10.0,43754.06220514335,17957.820853512378,881.1760628243128,32748380.512954675,32197.9614831836,7.5633028038481945e+37,2.5484540959575293e+29,0.0,3.9157921308436154e+49,7.069523657879203e+40,0.0,0.0013792099166350252,0.006080877524157786,0.0012321503579866553,7.909174309107333e-07
336.0,20.0,-10.0,44679.297071108886,17032.585987546845,925.2348659655285,33169866.184969354,32444.105703147947,6.9713340696585775e+37,2.8285838407106944e+29,0.0,4.1192031575335395e+49,7.894853698540516e+40,0.0,0.0013486794307963604,0.0060802952910522234,0.0012321500474611134,9.29053836918272e-07
337.0,20.0,-10.0,45650.79368037269,16061.089378283039,971.4966092638049,33648423.65063548,32726.426175108423,6.590607024741378e+37,3.1772058372582935e+29,0.0,4.321120356511214e+49,8.868257970448058e+40,0.0,0.0013266397871306652,0.0060794824792319985,0.0012321496006454857,1.108192565012636e-06
338.0,20.0,-10.0,46552.68354860654,15159.199510049191,901.889868233846,34099759.94264458,32992.475530325726,6.584719997979231e+37,3.538958033830719e+29,0.0,4.508402955349291e+49,9.87480837495745e+40,0.0,0.0013139245750822624,0.006078500119336108,0.0012321490453371256,1.309919911817573e-06
339.0,20.0,-10.0,47408.50775627661,14303.375302379121,855.8242076700695,34506912.108400136,33230.29730156506,6.978998024741005e+37,3.8960228395264795e+29,0.0,4.696761032813597e+49,1.092631658460115e+41,0.0,0.0013072407895412797,0.006077322232285953,0.0012321483628269557,1.5365440538204425e-06
340.0,20.0,-10.0,48307.123174330176,13404.759884325555,898.6154180535731,34882080.88411814,33445.38924464467,7.77300541326883e+37,4.254438344242742e+29,0.0,4.917038179776705e+49,1.2131970627759891e+41,0.0,0.0013039165275106864,0.006075793219606703,0.0012321474567249273,1.8130941339721823e-06
341.0,20.0,-10.0,49250.669363286426,12461.213695369304,943.5461889562517,35199360.346099965,33621.38077884543,8.813427528032299e+37,4.583026531590313e+29,0.0,5.179287643916195e+49,1.3495680998355028e+41,0.0,0.0013024000216903262,0.006073877511475219,0.0012321462998800647,2.1412567027891683e-06
342.0,20.0,-10.0,50241.39286169049,11470.490196965242,990.7234984040643,35443539.13785591,33748.23064207801,9.90858746583215e+37,4.855212125859446e+29,0.0,5.488866162861322e+49,1.5012617074532416e+41,0.0,0.00130119253627393,0.006071577335270674,0.0012321448906351068,2.51830467049951e-06
343.0,20.0,-10.0,51281.65253501476,10430.230523640974,1040.2596733242676,35607540.8647095,33820.88584192523,1.0939783432625717e+38,5.05138422655903e+29,0.0,5.847752640126393e+49,1.6669755446189375e+41,0.0,0.0012983678764695924,0.006068937527742443,0.0012321432574311894,2.937575520480402e-06
344.0,20.0,-10.0,52373.92519200524,9337.95786665049,1092.272656990481,35720814.972183116,33857.39642275768,1.149790115294295e+38,5.194469427562605e+29,0.0,6.243808314303286e+49,1.8459037736721146e+41,0.0,0.0012960177347302072,0.006065992877221232,0.001232141422884595,3.3932684107976867e-06
345.0,20.0,-10.0,53520.811481845245,8191.071576810486,1146.886289840005,35742449.22024742,33833.40751843198,1.2421413237139747e+38,5.2334596975544614e+29,0.0,6.693068547527353e+49,2.0351886222964306e+41,0.0,0.0012840521919942176,0.006062868913049043,0.0012321394732024587,3.8710394546514285e-06
346.0,20.0,-10.0,54725.04208617724,6986.840972478487,1204.2306043320054,35698289.039407685,33766.591707635496,1.2955053452745311e+38,5.1942098996423686e+29,0.0,7.185057642143318e+49,2.2324471388353027e+41,0.0,0.0012618682269275006,0.006059671520269517,0.0012321374815891448,4.359143434360626e-06
347.0,20.0,-10.0,55989.48422072585,5722.398837929883,1264.4421345486057,35647563.22011249,33697.75092606547,1.2844727114207276e+38,5.143910350793741e+29,0.0,7.697246879407889e+49,2.437562864199078e+41,0.0,0.0012370798319312286,0.006056410414984732,0.0012321354549952974,4.856584195091693e-06
348.0,20.0,-10.0,57317.14846200189,4394.734596653841,1327.6642412760361,35651108.63413081,33669.73451368747,1.2200397437672323e+38,5.151688703202253e+29,0.0,8.208067997870183e+49,2.6532600493754828e+41,0.0,0.0012206618232497655,0.006052983943583381,0.0012321333238641111,5.374006412059775e-06
349.0,20.0,-10.0,58711.19591534173,3000.687143314004,1394.047453339838,35710922.23744247,33685.77287584673,1.164666790797346e+38,5.22171571601189e+29,0.0,8.72008673786438e+49,2.8828206690004237e+41,0.0,0.0012159925522596399,0.006049271462911975,0.001232131005326668,5.923387726897502e-06
350.0,20.0,-10.0,60174.94574134856,1536.9373173071726,1463.74982600683,35766607.28451083,33706.052382092304,1.1692268351476529e+38,5.2877334226219396e+29,0.0,9.259811368472539e+49,3.126906750716009e+41,0.0,0.0012146850449848868,0.006045258871560034,0.0012321284894939897,6.5050817469231095e-06
351.0,20.0,-10.0,61711.88305865573,0.0,1536.9373173071715,35804059.178412214,33719.086211644906,1.1852380161616834e+38,5.333227903323308e+29,0.0,9.834282666758787e+49,3.385402201916643e+41,0.0,0.0012142543254507812,0.0060409655404503205,0.001232125789656975,7.11595761654203e-06
